Full name,abv
Bachelor of Technology,BTech
Diploma in Languages,DipLang
Faculty of Business ,BBus
Bachelor of Business,BCom
Bachelor of Commerce,BComGlobal
Bachelor of Commerce Global,BCom
Bachelor of Commerce - TAFE Advanced Diploma of Events Management,BCom
Bachelor of Commerce - TAFE Advanced Diploma of Hospitality Management,BCom
Bachelor of Commerce - TAFE Advanced Diploma of Tourism Management,BCom
Bachelor of Commerce ,BEconFin
Bachelor of Economics and Finance,BBusInfoSys
Faculty of Engineering and Information Sciences ,BBusInfoSys
Bachelor of Business Information Systems,BCompSc
Bachelor of Business Information Systems ,BCompSc
Bachelor of Computer Science,BIT
Bachelor of Computer Science ,BIT
Bachelor of Information Technology,BITInt
Bachelor of Information Technology ,BMath
Bachelor of Information Technology International,BMathAdv
Bachelor of Mathematics,BMedRadPhys
Bachelor of Mathematics Advanced,BMedMath
Bachelor of Medical and Radiation Physics,BMedMath
Bachelor of Medical Mathematics,BSc
Bachelor of Medical Mathematics ,BSc
Bachelor of Science ,BA
Bachelor of Science ,BA
"Faculty of Law, Humanities and the Arts",BCMS
Bachelor of Arts,BCMS
Bachelor of Arts ,BCA
Bachelor of Communication and Media,BCA
Bachelor of Communication and Media ,BIntSt
Bachelor of Creative Arts,BIntSt
Bachelor of Creative Arts ,BJrnl
Bachelor of International Studies,BPerf
Bachelor of International Studies ,BPerf
Bachelor of Journalism,BPPE
Bachelor of Performance,BPPE
Bachelor of Performance ,BExSc
"Bachelor of Politics, Philosophy and Economics",BHlthSc
"Bachelor of Politics, Philosophy and Economics ",BMarSc
"Faculty of Science, Medicine and Health",BMedHlthSc
Bachelor of Exercise Science,BNurse
Bachelor of Health Science ,BNurse
Bachelor of Marine Science,BNurse
Bachelor of Medical and Health Sciences,BNutrSc
Bachelor of Nursing,BPreMedScHlth
Bachelor of Nursing ,BSc
Bachelor of Nursing ,BA
Bachelor of Nutrition Science,BNutrSc
"Bachelor of Pre-Medicine, Science and Health",BGeog
Bachelor of Science,BPsycSc
Faculty of Social Sciences,BPubHlth
Bachelor of Arts ,BPubHlth
Bachelor of Education Studies,BPubHlthNutr
Bachelor of Geography,BSc
Bachelor of Psychological Science,BSc
Bachelor of Public Health,BSocSc
Bachelor of Public Health ,BSocSc
Bachelor of Public Health Nutrition,BSocSc
Bachelor of Science ,BSusCommunities
Bachelor of Science, LLB
Bachelor of Social Science, BExScRehab
Bachelor of Social Science , BNurseAdv
Bachelor of Social Science , BEdEarlyYears
Bachelor of Sustainable Communities, BEdEarlyYears
"Faculty of Law, Humanities and the Arts", BHlthPhyEd
Bachelor of Laws , BHlthPhyEd
"Faculty of Science, Medicine and Health", BMathEd
Bachelor of Exercise Science & Rehabilitation, BMathEd
Bachelor of Nursing Advanced, BPrimEd
Faculty of Social Sciences, BPrimEd
Bachelor of Education - The Early Years, BScEd
Bachelor of Education - The Early Years , BScEd
Bachelor of Health and Physical Education, BSocWork
Bachelor of Health and Physical Education ,BComGlobal
Bachelor of Mathematics Education,BCompScGlobal
Bachelor of Mathematics Education ,BE
Bachelor of Primary Education,BE
Bachelor of Primary Education ,BMathFin
Bachelor of Science Education,BMathFin
Bachelor of Science Education ,BMedRadPhysAdv
Bachelor of Social Work,BScAdv
Faculty of Business,LLB
Bachelor of Commerce Global ,BBioNan
Faculty of Engineering and Information Sciences,BBioNan
Bachelor of Computer Science Global ,BConsBio
Bachelor of Engineering ,BConsBio
Bachelor of Engineering  ,BEnvSc
Bachelor of Mathematics and Finance ,BEnvSc
Bachelor of Mathematics and Finance  ,BMarSc
Bachelor of Medical and Radiation Physics Advanced ,BMarSc
Bachelor of Science Advanced ,BMedHlthSc
"Faculty of Law, Humanities and the Arts",BMedBiotech
Bachelor of Laws  ,BMedBiotech
"Faculty of Science, Medicine and Health",BMedChem
Bachelor of Bionanotechnology ,BMedChem
Bachelor of Bionanotechnology  ,BNutrDiet
Bachelor of Conservation Biology ,BNutrDiet
Bachelor of Conservation Biology  ,BSc
Bachelor of Environmental Science ,BEdEarlyYears
Bachelor of Environmental Science  ,BHlthPhyEd
Bachelor of Marine Science ,BPrimEd
Bachelor of Marine Science  ,BPsyc
Bachelor of Medical and Health Sciences  ,BSc
Bachelor of Medical Biotechnology ,BCom
Bachelor of Medical Biotechnology  ,BBusInfoSys
Bachelor of Medicinal Chemistry ,BCompSc
Bachelor of Medicinal Chemistry  ,BIT
Bachelor of Nutrition and Dietetics ,BMath
Bachelor of Nutrition and Dietetics  ,BMathAdv
Bachelor of Science  ,BMedMath
Faculty of Social Sciences,BSc
Bachelor of Education  The Early Years ,BA
Bachelor of Health and Physical Education ,BCMS
Bachelor of Primary Education ,BCMS
Bachelor of Psychology ,BIntSt
Bachelor of Science  ,LLB
Faculty of Business,BPPE
Bachelor of Commerce ,BMedHlthSc
Faculty of Engineering and Information Sciences,MBBS
Bachelor of Business Information Systems ,BNurse
Bachelor of Computer Science ,BSc
Bachelor of Information Technology ,BSc
Bachelor of Mathematics ,BPsycSc
Bachelor of Mathematics Advanced ,BPubHlth
Bachelor of Medical Mathematics ,BPubHlthNutr
Bachelor of Science  ,BSocSc
"Faculty of Law, Humanities and the Arts",BSc
Bachelor of Arts ,BRes
Bachelor of Communication and Media ,BBus-BIT
Bachelor of Creative Arts ,BCompSc-BSc 
Bachelor of International Studies ,BE-BA
Bachelor of Laws ,BE-BCom
"Bachelor of Politics, Philosophy and Economics ",BE-BCompSc
"Faculty of Science, Medicine and Health",BE-BExSc
Bachelor of Medical and Health Sciences ,BE-BMath
Bachelor of Medicine Bachelor of Surgery ,BE-BSc
Bachelor of Nursing ,BE-BSc
Bachelor of Science   ,BMath-BCompSc
Bachelor of Science  ,BMath-BSc
Faculty of Social Sciences,BSc-BA
Bachelor of Psychological Science ,BA-BCom 
Bachelor of Public Health ,BA-BCMS
Bachelor of Public Health Nutrition ,BA-BCMS
Bachelor of Social Science ,BA-BEcon&Fin
Bachelor of Science ,BA-BIntSt
Graduate Research School,BA-BIntSt
Bachelor of Research,BA-LLB
Faculty of Engineering and Information Sciences,BA-LLB
Bachelor of Business  Bachelor of Information Technology,BBusInfoSys-LLB
Bachelor of Computer Science - Bachelor of Science,BCom-LLB
Bachelor of Engineering   Bachelor of Arts ,BCMS-BCom
Bachelor of Engineering   Bachelor of Commerce ,BCMS-BEcon&Fin
Bachelor of Engineering   Bachelor of Computer Science ,BCMS-BIntSt
Bachelor of Engineering   Bachelor of Exercise Science ,BCMS-BIntSt
Bachelor of Engineering   Bachelor of Mathematics ,BCMS-LLB
Bachelor of Engineering   Bachelor of Science ,BCMS-BSc
Bachelor of Engineering   Bachelor of Science,BCompSc-LLB
Bachelor of Mathematics  Bachelor of Computer Science ,BCA-BA
Bachelor of Mathematics  Bachelor of Science ,BCA-BCom
Bachelor of Science   Bachelor of Arts ,BCA-BCMS
"Faculty of Law, Humanities and the Arts",BCA-BCompSci
Bachelor of Arts  Bachelor of Commerce ,BCA-BIntSt
Bachelor of Arts  Bachelor of Communication and Media,BCA-BJrnl
Bachelor of Arts  Bachelor of Communication and Media  ,BCA-LLB
Bachelor of Arts  Bachelor of Economics and Finance ,BCA-BSc
Bachelor of Arts  Bachelor of International Studies ,BEcon&Fin-LLB
Bachelor of Arts  Bachelor of International Studies  ,BE-LLB
Bachelor of Arts  Bachelor of Laws,BIT-LLB
Bachelor of Arts   Bachelor of Laws ,BIntSt-BCom
Bachelor of Business  Bachelor of Laws ,BIntSt-BEcon&Fin
Bachelor of Commerce  Bachelor of Laws ,BIntSt-LLB
Bachelor of Communication and Media  Bachelor of Commerce ,BJrnl-BA
Bachelor of Communication and Media  Bachelor of Economics and Finance ,BJrnl-BCom
Bachelor of Communication and Media  Bachelor of International Studies ,BJrnl-BCMS
Bachelor of Communication and Media  Bachelor of International Studies  ,BJrnl-BE
Bachelor of Communication and Media  Bachelor of Laws ,BJrnl-BIntSt
Bachelor of Communication and Media  Bachelor of Science ,BJrnl-LLB
Bachelor of Computer Science  Bachelor of Laws ,BJrnl-BSc
Bachelor of Creative Arts  Bachelor of Arts ,BMath-LLB
Bachelor of Creative Arts  Bachelor of Commerce ,BPPE-LLB
Bachelor of Creative Arts  Bachelor of Communication and Media,BPsycSc-LLB
Bachelor of Creative Arts  Bachelor of Computer Science ,BSc-LLB
Bachelor of Creative Arts  Bachelor of International Studies ,BSc-BA
Bachelor of Creative Arts  Bachelor of Journalism ,BSc-BCom
Bachelor of Creative Arts  Bachelor of Laws ,BA-BCom
Bachelor of Creative Arts  Bachelor of Science ,BPsycSc-BCom
Bachelor of Economics and Finance  Bachelor of Laws ,BPsycSc-BSocSc
Bachelor of Engineering   Bachelor of Laws ,BPsyc-BCom
Bachelor of Information Technology  Bachelor of Laws ,LLB 
Bachelor of International Studies  Bachelor of Commerce ,LLB 
Bachelor of International Studies  Bachelor of Economics and Finance ,BA-LLB 
Bachelor of International Studies  Bachelor of Laws ,BCom-LLB 
Bachelor of Journalism  Bachelor of Arts ,BCM-LLB 
Bachelor of Journalism  Bachelor of Commerce ,BIntSt-LLB 
Bachelor of Journalism  Bachelor of Communication and Media,GCertAppFin
Bachelor of Journalism  Bachelor of Engineering  ,GCertBus
Bachelor of Journalism  Bachelor of International Studies ,GCertBusCoach
Bachelor of Journalism  Bachelor of Laws ,GCertHRM
Bachelor of Journalism  Bachelor of Science ,GCertInno&Entrep
Bachelor of Mathematics  Bachelor of Laws ,GCertMark
"Bachelor of Politics, Philosophy and Economics  Bachelor of Laws ",GCertProfAccy
Bachelor of Psychological Science  Bachelor of Laws ,GCertPubRel
Bachelor of Science  Bachelor of Laws,GCertComp
"Faculty of Science, Medicine and Health",GCertElecPowEng
Bachelor of Science  Bachelor of Arts ,GCertEng
Bachelor of Science  Bachelor of Commerce ,GCertEngAssetMgmt
Faculty of Social Sciences,GCertMathSt
Bachelor of Arts   Bachelor of Commerce ,GCertRollStockEng
Bachelor of Psychological Science  Bachelor of Commerce ,GCertGlobalCit
Bachelor of Psychological Science - Bachelor of Social Science,GCertLaw
Bachelor of Psychology   Bachelor of Commerce ,GCertMaritimeSt
"Faculty of Law, Humanities and the Arts",GCertBiofabrication
Bachelor of Laws  ,GCertDementiaCare
Bachelor of Laws   ,GCertErth&EnviSc
Bachelor of Arts  Bachelor of Laws  ,GCertEmergDisasterLead
Bachelor of Commerce  Bachelor of Laws  ,GCertExRehab
Bachelor of Communication and Media  Bachelor of Laws  ,GCertG&RStud
Bachelor of International Studies  Bachelor of Laws  ,GCertHLM
Faculty of Business,GCertIndHlth
Graduate Certificate in Applied Finance ,GCertIndigTrauma&RecPrac
Graduate Certificate in Business ,GCertMedEd
Graduate Certificate in Business Coaching ,GCertMedScHlthRes
Graduate Certificate in Human Resource Management ,GCertMntlHlthNurse
Graduate Certificate in Innovation and Entrepreneurship ,GCertNurse
Graduate Certificate in Marketing ,GCertNut
Graduate Certificate in Professional Accounting ,GCertPrimHlthCare
Graduate Certificate in Public Relations ,GCertRegSc
Faculty of Engineering and Information Sciences,GCertSci
Graduate Certificate in Computing,IntGCertSc
Graduate Certificate in Electrical Power Engineering ,GCertAutism
Graduate Certificate in Engineering ,GCertEdSt
Graduate Certificate in Engineering Asset Management ,GCertEdSt
Graduate Certificate in Mathematical Studies,GCertHlthProm
Graduate Certificate in Rolling Stock Engineering ,GCertHlth&PhysEd
"Faculty of Law, Humanities and the Arts",GCertPubHlth
Graduate Certificate in Global Citizenship ,GCertTertTLP
Graduate Certificate in Laws  ,GCertTESOL
Graduate Certificate in Maritime Studies ,GCertWHS
"Faculty of Science, Medicine and Health",GCertAutism
Graduate Certificate in Biofabrication,GDipBusCoach
Graduate Certificate in Dementia Care ,GDipCompSc
Graduate Certificate in Earth and Environmental Science ,GDipEng
Graduate Certificate in Emergency and Disaster Leadership ,GCertEmergDisasterLead
Graduate Certificate in Exercise Rehabilitation ,GDipMedRadPhys
Graduate Certificate in Gerontology and Rehabilitation Studies ,GDipSc
Graduate Certificate in Health Leadership and Management ,GDipArts
Graduate Certificate in Indigenous Health ,GDipExRehab
Graduate Certificate in Indigenous Trauma and Recovery Practice ,GDipMedScHlthRes
Graduate Certificate in Medical Education ,GDipMntlHlthNurse
Graduate Certificate in Medical Science and Health Research ,GDipSc
Graduate Certificate in Mental Health Nursing ,IntGDipSc
Graduate Certificate in Nursing ,GDipAdVetEd
Graduate Certificate in Nutrition , GDipEdStud
Graduate Certificate in Primary Health Care , GDipEdStud
Graduate Certificate in Regulatory Science ,GDipPsyc
Graduate Certificate in Science ,GDipTESOL
International Graduate Certificate in Science ,GDipWHS
Faculty of Social Sciences, MAppFin
Graduate Certificate in Autism , MBus
Graduate Certificate in Educational Studies  , MBA
Graduate Certificate in Educational Studies  , EMBA 
Graduate Certificate in Health Promotion , MBAAdv
Graduate Certificate in Health and Physical Education , MBusCoach
Graduate Certificate in Public Health , MProfAccy
Graduate Certificate in Tertiary Teaching and Learning Practices , MProfAccyAdv
Graduate Certificate in TESOL , MSc
Graduate Certificate in Work Health and Safety ,MCompSc
Central Administration,MElecPowEng
Graduate Certificate in Health Research,MEng
Faculty of Business ,MEng
Graduate Diploma in Business Coaching ,MEngAssetMgmt
Faculty of Engineering and Information Sciences ,MEngMgmt
Graduate Diploma in Computer Science ,MEngSc
Graduate Diploma in Engineering ,MFinMath
Graduate Diploma in Mathematical Studies,MHlthInfo
Graduate Diploma in Medical Radiation Physics ,MICTAdv
Graduate Diploma in Science ,MIT
"Faculty of Law, Humanities and the Arts ",MITMgmt
Graduate Diploma in Arts ,MITStAdv
"Faculty of Science, Medicine and Health ",MMath
Graduate Diploma in Exercise Rehabilitation ,MMedRadPhys
Graduate Diploma in Medical Science and Health Research ,MRollStockEng
Graduate Diploma in Mental Health Nursing ,MSc
Graduate Diploma in Science,MStat
International Graduate Diploma in Science ,MFishPol
Faculty of Social Sciences ,MIntlSt
Graduate Diploma in Adult and Vocational Education ,MIntStAdv
Graduate Diploma in Educational Studies,LLM
Graduate Diploma in Education Studies,MMaritimePol
Graduate Diploma in Psychology ,MMaritimeStud
Graduate Diploma in TESOL ,MMediaComm
Graduate Diploma in Work Health and Safety ,MD
Faculty of Business,IntMSc
Master of Applied Finance ,MClinExPhysi
Master of Business ,MHLM
Master of Business Administration ,MIndHlth
Master of Business Administration  ,MNurse
Master of Business Administration Advanced ,MNurse
Master of Business Coaching ,MNursInt
Master of Professional Accounting ,MNutr&Diet
Master of Professional Accounting Advanced ,MSc
Master of Science ,MScMgmt
Faculty of Engineering and Information Sciences,MSc
Master of Computer Science ,MSc
Master of Electrical Power Engineering ,MAut
Master of Engineering ,MEd
Master of Engineering  ,MEdAdv
Master of Engineering Asset Management ,MEdSt
Master of Engineering Management ,MPhyHlthEd
Master of Engineering Science ,MProfPsyc
Master of Financial Mathematics ,MPsyc
Master of Health Informatics ,MPubHlth
Master of Information and Communication Technology Advanced ,MPubHlthAdv
Master of Information Technology ,MSocWork
Master of Information Technology Management ,MSpecEd
Master of Information Technology Studies Advanced ,MTeach
Master of Mathematics ,MTeach
Master of Medical Radiation Physics ,MWHS
Master of Rolling Stock Engineering ,MWHSAdv
Master of Science  ,MPhil
Master of Statistics ,MRes
"Faculty of Law, Humanities and the Arts",PhD
Master of Fisheries Policy ,PhD
Master of International Studies ,DBA
Master of International Studies Advanced ,DCA
Master of Laws  ,EdD 
Master of Maritime Policy ,PhD
Master of Maritime Studies ,DPubHlth 
Master of Media and Communication,Hon MA
"Faculty of Science, Medicine and Health",Hon DBA
Doctor of Medicine,Hon DCA
International Master of Science ,Hon EdD
Master of Clinical Exercise Physiology ,Hon LLD
Master of Health Leadership and Management ,Hon DLitt
Master of Indigenous Health ,Hon PhD
Master of Nursing ,Hon DSc
Master of Nursing  ,Hon DUOW
Master of Nursing International ,MNursInt
Master of Nutrition and Dietetics,
Associate Degree in Administration of Justice,
Associate Degree in Animal Management,
Associate Degree in Architectural Building Engineering Technology,
Associate Degree in Architecture and Career Options,
Associate Degree in Art,
Associate Degree in Automotive Maintenance Technology,
Associate Degree in Aviation Mechanics,
Associate Degree in Behavioral Science,
Associate Degree in Boat Mechanics,
Associate Degree in Boat Repair and Maintenance,
Associate Degree in Cabinet Design Technology,
Associate Degree in Child Development: Program Summary,
Associate Degree in Christian Ministry,
Associate Degree in Cosmetology Business,
Associate Degree in Digital Media,
Associate Degree in Early Childhood Special Education,
Associate Degree in Elementary Education,
Associate Degree in English,
Associate Degree in Environmental Science,
Associate Degree in Environmental Studies,
Associate Degree in General Psychology,
Associate Degree in History and Information,
Associate Degree in Interdisciplinary Studies,
Associate Degree in International Relations,
Associate Degree in Landscape Architecture,
Associate Degree in Landscaping Design,
Associate Degree in Library Science,
Associate Degree in Music,
Associate Degree in Wildlife Management,
Associate Degree in Education,
Associate of Applied Science  in Accelerated Culinary Arts,
Associate of Applied Science  in Accounting Specialist,
Associate of Applied Science  in Administrative Support,
Associate of Applied Science  in Baking and Pastry,
Associate of Applied Science  in Business Administration,
Associate of Applied Science  in Business Administration - Finance,
Associate of Applied Science  in Business Information Systems,
Associate of Applied Science  in Civil Justice - Law Enforcement,
Associate of Applied Science  in Clinical Medical Assisting,
Associate of Applied Science  in Computer Applications,
Associate of Applied Science  in Computer Electronics,
Associate of Applied Science  in Computer Game Design,
Associate of Applied Science  in Computer Information Systems,
Associate of Applied Science  in Culinary Arts,
Associate of Applied Science  in Digital Media Communications,
Associate of Applied Science  in Digital Photography,
Associate of Applied Science  in Electronic Engineering,
Associate of Applied Science  in Emergency Medical Services,
Associate of Applied Science  in Health Care Management,
Associate of Applied Science  in Health Information Management,
Associate of Applied Science  in Healthcare Administration,
Associate of Applied Science  in Legal Office E-ministration,
Associate of Applied Science  in Telecommunications Technology,
Associate of Applied Science  in Television Production,
Associate of Applied Science  in Visual Communications,
Associate of Arts  in Computer Information Systems,
Associate of Arts  in Internetworking Technology,
Associate of Arts  in Psychology,
Associate of Arts  in Interior Architecture and Design,
Associate of Biotechnology,
Associate of Business Science  in Individualized Studies,
Associate of Early Childhood Education ,
Associate of Occupational Studies  in Legal Office Administration,
Associate of Science  in Computer Information Science,
Associate of Science  in Computer Science,
"Associate of Science  in Corrections, Probation, & Parole",
Associate of Science  in Electronics Engineering Technology,
Associate of Science  in Interactive & Graphic Art,
Associate of Science  in Industrial Maintenance Technology,
Associate of Arts and science,
Bachelor of Science in Genetic Engineering and Biotechnology,
Bachelor of Applied Economics,
Bachelor of Architecture,
Bachelor of Biochemistry,
Bachelor of Biomedical Science,
Bachelor of Business Administration,
Bachelor of Clinical Science,
Bachelor of Commerce,
Bachelor of Computer Applications,
Bachelor of Community Health,
Bachelor of Computer Information Systems,
Bachelor of Science in Construction Technology,
Bachelor of Criminal Justice,
Bachelor of Divinity,
Bachelor of Economics,
Bachelor of Elementary Education,
Bachelor of Education,
Bachelor of Engineering,
Bachelor of Fine Arts,
Bachelor of Laws,
Bachelor of Letters,
Bachelor of Library & Information Science,
Bachelor of Information Systems,
Bachelor of Management,
Bachelor of Music,
Bachelor of Pharmacy,
Bachelor of Philosophy,
Bachelor of Public Affairs and Policy Management,
Bachelor of Public Administration,
Bachelor of Social Work,
Bachelor of Technology,
Bachelor of Accountancy,
Bachelor of Arts in American Studies,
Bachelor of Arts in American Indian Studies,
Bachelor of Arts in Applied Psychology,
Bachelor of Arts in Biology,
Bachelor of Arts in Anthropology,
Bachelor of Arts in Child Advocacy,
Bachelor of Arts in Clinical Psychology,
Bachelor of Arts in Communication,
Bachelor of Arts in Forensic Psychology,
Bachelor of Arts in Organizational Psychology,
Bachelor of Science in Aerospace Engineering,
Bachelor of Science in Accountancy,
Bachelor of Science in Actuarial,
Bachelor of Science in Agriculture,
Bachelor of Science in Applied Economics,
Bachelor of Science in Architecture,
Bachelor of Science in Architectural Engineering,
Bachelor of Science in Athletic Training,
Bachelor of Science in Biology,
Bachelor of Science in Biomedical Engineering,
Bachelor of Science in Bible,
Bachelor of Science in Business Administration,
Bachelor of Science in Business Administration - Computer Application,
Bachelor of Science in Business Administration - Economics,
Bachelor of Science in Business and Technology,
Bachelor of Science in Chemical Engineering,
Bachelor of Science in Chemistry,
Bachelor of Science in Civil Engineering,
Bachelor of Science in Clinical Laboratory Science,
Bachelor of Science in Cognitive Science,
Bachelor of Science in Computer Engineering,
Bachelor of Science in Computer Science,
Bachelor of Science in Construction Engineering,
Bachelor of Science in Construction Management,
Bachelor of Science in Criminal Justice,
Bachelor of Science in Criminology,
Bachelor of Science in Diagnostic Radiography,
Bachelor of Science in Education,
Bachelor of Science in Electrical Engineering,
Bachelor of Science in Engineering Physics,
Bachelor of Science in Engineering Science,
Bachelor of Science in Engineering Technology,
Bachelor of Science in English Literature,
Bachelor of Science in Environmental Engineering,
Bachelor of Science in Environmental Science,
Bachelor of Science in Environmental Studies,
Bachelor of Arts / Science in Finance,
Bachelor of Science in Food Science,
Bachelor of Science in Foreign Service,
Bachelor of Science in Forensic Science,
Bachelor of Science in Forestry,
Bachelor of Science in History,
Bachelor of Science in Hospitality Management,
Bachelor of Science in Human Resources Management,
Bachelor of Science in Industrial Engineering,
Bachelor of Science in Information Technology,
Bachelor of Science in Information Systems,
Bachelor of Science in Integrated Science,
Bachelor of Science in International Relations,
Bachelor of Science in Journalism,
Bachelor of Science in Legal Management,
Bachelor of Science in Management,
Bachelor of Science in Manufacturing Engineering,
Bachelor of Science in Marketing,
Bachelor of Science in Mathematics,
Bachelor of Science in Mechanical Engineering,
Bachelor of Science in Medical Technology,
Bachelor of Science in Metallurgical Engineering,
Bachelor of Science in Meteorology,
Bachelor of Science in Microbiology,
Bachelor of Science in Mining Engineering,
Bachelor of Science in Molecular Biology,
Bachelor of Science in Neuroscience,
Bachelor of Science in Nursing,
Bachelor of Science in Nutrition science,
Bachelor of Science in Software Engineering,
Bachelor of Science in Petroleum Engineering,
Bachelor of Science in Podiatry,
Bachelor of Science in Pharmacology,
Bachelor of Science in Pharmacy,
Bachelor of Science in Physical Therapy,
Bachelor of Science in Physics,
Bachelor of Science in Plant Science,
Bachelor of Science in Politics,
Bachelor of Science in Psychology,
Bachelor of Science in Public Safety,
Bachelor of Science in Physiology,
Bachelor of Science in Quantity Surveying Engineering,
Bachelor of Science in Radiologic Technology,
Bachelor of Science in Real-Time Interactive Simulation,
Bachelor of Science in Religion,
Bachelor of Science in Respiratory Therapy,
Bachelor of Science in Retail Management,
Bachelor of Science in Risk Management and Insurance,
Bachelor of Science in Science Education,
Bachelor of Science in Sports Management,
Bachelor of Science in Systems Engineering,
Bachelor of Secondary Education,
Bachelor of Physical Education,
Bachelor of Music in Jazz Studies,
Bachelor of Music in Composition,
Bachelor of Music in Performance,
Bachelor of Music in Theory,
Bachelor of Music in Music Education,
Bachelor of Science in Veterinary Technology,
Bachelor of Science in military and strategic studies,
Master of Accountancy,
Master of Accounting and Information Systems,
Master of Advanced Study,
Master of Agricultural Economics,
Master of Applied Economics,
Master of Applied Finance,
Master of Applied Mathematical Sciences,
Master of Applied Psychology,
Master of Applied Science,
Master of Architecture,
Master of Arts,
Master of Arts in Archives and Records Management,
Master of Arts in Bioethics,
Master of Arts in Liberal Studies,
Master of Arts in Museum Studies,
Master of Arts in Strategic Communication Management,
Master of Arts in Teaching,
Master of Athletic Training,
Master of Bioethics,
Master of Bioinformatics,
Master of Biotechnology,
Master of Business Administration,
Master of Business Administration Management of Technology,
Master of Business,
Master of Business Economics,
Master of Business Engineering,
Master of Business Informatics,
Master of Chemistry,
Master of City Planning,
Master of Commerce,
Master of Community Health,
Master of Computational Finance,
Master of Computer Applications,
Master of Computer Science,
Master of Communication,
Master of Corporate Finance,
Master of Counselling ,
Master of Criminal Justice,
Master in Creative Technologies,
Master of Design,
Master of Development Economics,
Master of Divinity,
Master of Economics,
Master of Education,
Master of Educational Technology,
Master of Engineering,
Master of Engineering Management,
Master of Enterprise,
Master of European Law,
Master of Finance,
Master of Financial Economics,
Master of Financial Engineering,
Master of Financial Management,
Master of Financial Mathematics,
Master of Financial Planning,
Master of Fine Arts,
Master of Geospatial Science & Technology,
Master of Health Administration,
Master of Health Science,
Master of Humanities,
Master of Industrial and Labor Relations,
Master of International Affairs,
Master of International Business,
Master of International Economics,
Master of International Public Policy,
Master of International Studies,
Master of Information,
Master of Information Management,
Master of Information Systems,
Master of Information System Management,
Master of Investment Management,
Master of International Economics,
Master of Islamic Studies,
Master of IT,
Master of Jurisprudence,
Master of Laws,
Master of Studies in Law,
Master of Landscape Architecture,
Master of Letters,
Master of Liberal Arts,
Master of Library and Information Science,
Master of Management,
Master of Management of Innovation,
Master of Mass Communication and Journalism,
Master of Mathematical Finance,
Master of Mathematics,
Master of Mathematics and Computer Science,
Master of Mathematics and Philosophy,
Master of Medical Science,
Master of Medicine,
Master of Military Art and Science,
Master of Music,
Master of Network and Communications Management,
Master of Occupational Therapy,
Master of Pharmacy,
Master of Philosophy,
Master of Physician Assistant Studies,
Master of Physics,
Master of Political Science,
Master of Professional Studies,
Master of Psychology,
Master of Public Administration,
Master of Public Affairs,
Master of Public Diplomacy,
Master of Public Health,
Master of Public Management,
Master of Public Policy,
Master of Public Relations,
Master of Public Service,
Master of Quantitative Finance,
Master of Rabbinic Studies,
Master of Real Estate Development,
Master of Religious Education,
Master of Research,
Master of Sacred Music,
Master of Sacred Theology,
Master of Science,
Master of Science in Applied Cognition and Neuroscience,
Master of Science in Athletic Training,
Master of Science in Bioinformatics,
Master of Science in Business Analytics,
Master of Science in Clinical Epidemiology,
Master of Science in Computing Research,
Master of Science in Cyber Security,
Master of Science in Education,
Master of Science in Engineering,
Master of Science in Development Administration,
Master of Science in Finance,
Master of Science in Governance & Organizational Sciences,
Master of Science in Government Contracts,
Master of Science in Health Informatics,
Master of Science in Human Resource Development,
Master of Science in Information Assurance,
Master of Science in Information Systems,
Master of Science in Information Technology,
Master of Science in Leadership,
Master of Science in Management,
Master of Science in Nursing,
Master of Science in Project Management,
Master of Science in Quality Assurance,
Master of Science in Risk Management,
Master of Science in Supply Chain Management,
Master of Science in Teaching,
Master of Science in Taxation,
Master of Social Science,
Master of Social Work,
Master of Software Engineering,
Master of Statistics,
Master of Strategic Studies,
Master of Studies,
Master of Surgery,
Master of Theological Studies,
Master of Technology,
Master of Theology,
Master of Urban Planning,
Master of Veterinary Science,
Doctor of Arts,
Doctor of Audiology,
Doctor of Aviation ,
Doctor of Business Administration,
Doctor of Canon Law,
Doctor of Chiropractic,
Doctor of Commerce,
Doctor of Community Health,
Doctor of Dental Surgery,
Doctor of Divinity,
Doctor of Education ,
Doctor of Engineering,
Doctor of Fine Arts,
Doctor of Health Administration,
Doctor of Health Science,
Doctor of Juridical Science; Juris Doctor,
Doctor of Law; Legum Doctor,
Doctor of Liberal Studies,
Doctor of Management,
Doctor of Medicine ,
Doctor of Ministry ,
Doctor of Modern Languages,
Doctor of Musical Arts,
Doctor of Naturopathic Medicine,
Doctor of Optometry,
Doctor of Osteopathic Medicine,
Doctor of Pharmacy,
Doctor of Philosophy ,
Doctor of Psychology ,
Doctor of Public Administration,
Doctor of Science,
Doctor of Theology ,
Doctor of Veterinary Medicine,
Doctor of Radio oncology,
GENERAL AGRICULTURE,
AGRICULTURE PRODUCTION AND MANAGEMENT,
AGRICULTURAL ECONOMICS,
ANIMAL SCIENCES,
FOOD SCIENCE,
PLANT SCIENCE AND AGRONOMY,
SOIL SCIENCE,
MISCELLANEOUS AGRICULTURE,
FORESTRY,
NATURAL RESOURCES MANAGEMENT,
FINE ARTS,
DRAMA AND THEATER ARTS,
MUSIC,
VISUAL AND PERFORMING ARTS,
COMMERCIAL ART AND GRAPHIC DESIGN,
FILM VIDEO AND PHOTOGRAPHIC ARTS,
STUDIO ARTS,
MISCELLANEOUS FINE ARTS,
ENVIRONMENTAL SCIENCE,
BIOLOGY,
BIOCHEMICAL SCIENCES,
BOTANY,
MOLECULAR BIOLOGY,
ECOLOGY,
GENETICS,
MICROBIOLOGY,
PHARMACOLOGY,
PHYSIOLOGY,
ZOOLOGY,
NEUROSCIENCE,
MISCELLANEOUS BIOLOGY,
COGNITIVE SCIENCE AND BIOPSYCHOLOGY,
GENERAL BUSINESS,
ACCOUNTING,
ACTUARIAL SCIENCE,
BUSINESS MANAGEMENT AND ADMINISTRATION,
OPERATIONS LOGISTICS AND E-COMMERCE,
BUSINESS ECONOMICS,
MARKETING AND MARKETING RESEARCH,
FINANCE,
HUMAN RESOURCES AND PERSONNEL MANAGEMENT,
INTERNATIONAL BUSINESS,
HOSPITALITY MANAGEMENT,
MANAGEMENT INFORMATION SYSTEMS AND STATISTICS,
MISCELLANEOUS BUSINESS & MEDICAL ADMINISTRATION,
COMMUNICATIONS,
JOURNALISM,
MASS MEDIA,
ADVERTISING AND PUBLIC RELATIONS,
COMMUNICATION TECHNOLOGIES,
COMPUTER AND INFORMATION SYSTEMS,
COMPUTER PROGRAMMING AND DATA PROCESSING,
COMPUTER SCIENCE,
INFORMATION SCIENCES,
COMPUTER ADMINISTRATION MANAGEMENT AND SECURITY,
COMPUTER NETWORKING AND TELECOMMUNICATIONS,
MATHEMATICS,
APPLIED MATHEMATICS,
STATISTICS AND DECISION SCIENCE,
MATHEMATICS AND COMPUTER SCIENCE,
GENERAL EDUCATION,
EDUCATIONAL ADMINISTRATION AND SUPERVISION,
SCHOOL STUDENT COUNSELING,
ELEMENTARY EDUCATION,
MATHEMATICS TEACHER EDUCATION,
PHYSICAL AND HEALTH EDUCATION TEACHING,
EARLY CHILDHOOD EDUCATION,
SCIENCE AND COMPUTER TEACHER EDUCATION,
SECONDARY TEACHER EDUCATION,
SPECIAL NEEDS EDUCATION,
SOCIAL SCIENCE OR HISTORY TEACHER EDUCATION,
TEACHER EDUCATION: MULTIPLE LEVELS,
LANGUAGE AND DRAMA EDUCATION,
ART AND MUSIC EDUCATION,
MISCELLANEOUS EDUCATION,
LIBRARY SCIENCE,
ARCHITECTURE,
GENERAL ENGINEERING,
AEROSPACE ENGINEERING,
BIOLOGICAL ENGINEERING,
ARCHITECTURAL ENGINEERING,
BIOMEDICAL ENGINEERING,
CHEMICAL ENGINEERING,
CIVIL ENGINEERING,
COMPUTER ENGINEERING,
ELECTRICAL ENGINEERING,
ENGINEERING MECHANICS PHYSICS AND SCIENCE,
ENVIRONMENTAL ENGINEERING,
GEOLOGICAL AND GEOPHYSICAL ENGINEERING,
INDUSTRIAL AND MANUFACTURING ENGINEERING,
MATERIALS ENGINEERING AND MATERIALS SCIENCE,
MECHANICAL ENGINEERING,
METALLURGICAL ENGINEERING,
MINING AND MINERAL ENGINEERING,
NAVAL ARCHITECTURE AND MARINE ENGINEERING,
NUCLEAR ENGINEERING,
PETROLEUM ENGINEERING,
MISCELLANEOUS ENGINEERING,
ENGINEERING TECHNOLOGIES,
ENGINEERING AND INDUSTRIAL MANAGEMENT,
ELECTRICAL ENGINEERING TECHNOLOGY,
INDUSTRIAL PRODUCTION TECHNOLOGIES,
MECHANICAL ENGINEERING RELATED TECHNOLOGIES,
MISCELLANEOUS ENGINEERING TECHNOLOGIES,
MATERIALS SCIENCE,
NUTRITION SCIENCES,
GENERAL MEDICAL AND HEALTH SERVICES,
COMMUNICATION DISORDERS SCIENCES AND SERVICES,
HEALTH AND MEDICAL ADMINISTRATIVE SERVICES,
MEDICAL ASSISTING SERVICES,
MEDICAL TECHNOLOGIES TECHNICIANS,
HEALTH AND MEDICAL PREPARATORY PROGRAMS,
NURSING,
PHARMACY PHARMACEUTICAL SCIENCES AND ADMINISTRATION,
TREATMENT THERAPY PROFESSIONS,
COMMUNITY AND PUBLIC HEALTH,
MISCELLANEOUS HEALTH MEDICAL PROFESSIONS,
AREA ETHNIC AND CIVILIZATION STUDIES,
LINGUISTICS AND COMPARATIVE LANGUAGE AND LITERATURE,
FRENCH GERMAN LATIN AND OTHER COMMON FOREIGN LANGUAGE STUDIES,
OTHER FOREIGN LANGUAGES,
ENGLISH LANGUAGE AND LITERATURE,
COMPOSITION AND RHETORIC,
LIBERAL ARTS,
HUMANITIES,
INTERCULTURAL AND INTERNATIONAL STUDIES,
PHILOSOPHY AND RELIGIOUS STUDIES,
THEOLOGY AND RELIGIOUS VOCATIONS,
ANTHROPOLOGY AND ARCHEOLOGY,
ART HISTORY AND CRITICISM,
HISTORY,
UNITED STATES HISTORY,
COSMETOLOGY SERVICES AND CULINARY ARTS,
FAMILY AND CONSUMER SCIENCES,
MILITARY TECHNOLOGIES,
PHYSICAL FITNESS PARKS RECREATION AND LEISURE,
CONSTRUCTION SERVICES,
"ELECTRICAL, MECHANICAL, AND PRECISION TECHNOLOGIES AND PRODUCTION",
TRANSPORTATION SCIENCES AND TECHNOLOGIES,
MULTI/INTERDISCIPLINARY STUDIES,
COURT REPORTING,
PRE-LAW AND LEGAL STUDIES,
CRIMINAL JUSTICE AND FIRE PROTECTION,
PUBLIC ADMINISTRATION,
PUBLIC POLICY,
N/A (less than bachelor's degree),
PHYSICAL SCIENCES,
ASTRONOMY AND ASTROPHYSICS,
ATMOSPHERIC SCIENCES AND METEOROLOGY,
CHEMISTRY,
GEOLOGY AND EARTH SCIENCE,
GEOSCIENCES,
OCEANOGRAPHY,
PHYSICS,
MULTI-DISCIPLINARY OR GENERAL SCIENCE,
"NUCLEAR, INDUSTRIAL RADIOLOGY, AND BIOLOGICAL TECHNOLOGIES",
PSYCHOLOGY,
EDUCATIONAL PSYCHOLOGY,
CLINICAL PSYCHOLOGY,
COUNSELING PSYCHOLOGY,
INDUSTRIAL AND ORGANIZATIONAL PSYCHOLOGY,
SOCIAL PSYCHOLOGY,
MISCELLANEOUS PSYCHOLOGY,
HUMAN SERVICES AND COMMUNITY ORGANIZATION,
SOCIAL WORK,
INTERDISCIPLINARY SOCIAL SCIENCES,
GENERAL SOCIAL SCIENCES,
ECONOMICS,
CRIMINOLOGY,
GEOGRAPHY,
INTERNATIONAL RELATIONS,
POLITICAL SCIENCE AND GOVERNMENT,
SOCIOLOGY,
MISCELLANEOUS SOCIAL SCIENCES,
GENERAL AGRICULTURE,
AGRICULTURE PRODUCTION AND MANAGEMENT,
AGRICULTURAL ECONOMICS,
ANIMAL SCIENCES,
FOOD SCIENCE,
PLANT SCIENCE AND AGRONOMY,
SOIL SCIENCE,
MISCELLANEOUS AGRICULTURE,
FORESTRY,
NATURAL RESOURCES MANAGEMENT,
FINE ARTS,
DRAMA AND THEATER ARTS,
MUSIC,
VISUAL AND PERFORMING ARTS,
COMMERCIAL ART AND GRAPHIC DESIGN,
FILM VIDEO AND PHOTOGRAPHIC ARTS,
STUDIO ARTS,
MISCELLANEOUS FINE ARTS,
ENVIRONMENTAL SCIENCE,
BIOLOGY,
BIOCHEMICAL SCIENCES,
BOTANY,
MOLECULAR BIOLOGY,
ECOLOGY,
GENETICS,
MICROBIOLOGY,
PHARMACOLOGY,
PHYSIOLOGY,
ZOOLOGY,
NEUROSCIENCE,
MISCELLANEOUS BIOLOGY,
COGNITIVE SCIENCE AND BIOPSYCHOLOGY,
GENERAL BUSINESS,
ACCOUNTING,
ACTUARIAL SCIENCE,
BUSINESS MANAGEMENT AND ADMINISTRATION,
OPERATIONS LOGISTICS AND E-COMMERCE,
BUSINESS ECONOMICS,
MARKETING AND MARKETING RESEARCH,
FINANCE,
HUMAN RESOURCES AND PERSONNEL MANAGEMENT,
INTERNATIONAL BUSINESS,
HOSPITALITY MANAGEMENT,
MANAGEMENT INFORMATION SYSTEMS AND STATISTICS,
MISCELLANEOUS BUSINESS & MEDICAL ADMINISTRATION,
COMMUNICATIONS,
JOURNALISM,
MASS MEDIA,
ADVERTISING AND PUBLIC RELATIONS,
COMMUNICATION TECHNOLOGIES,
COMPUTER AND INFORMATION SYSTEMS,
COMPUTER PROGRAMMING AND DATA PROCESSING,
COMPUTER SCIENCE,
INFORMATION SCIENCES,
COMPUTER ADMINISTRATION MANAGEMENT AND SECURITY,
COMPUTER NETWORKING AND TELECOMMUNICATIONS,
MATHEMATICS,
APPLIED MATHEMATICS,
STATISTICS AND DECISION SCIENCE,
MATHEMATICS AND COMPUTER SCIENCE,
GENERAL EDUCATION,
EDUCATIONAL ADMINISTRATION AND SUPERVISION,
SCHOOL STUDENT COUNSELING,
ELEMENTARY EDUCATION,
MATHEMATICS TEACHER EDUCATION,
PHYSICAL AND HEALTH EDUCATION TEACHING,
EARLY CHILDHOOD EDUCATION,
SCIENCE AND COMPUTER TEACHER EDUCATION,
SECONDARY TEACHER EDUCATION,
SPECIAL NEEDS EDUCATION,
SOCIAL SCIENCE OR HISTORY TEACHER EDUCATION,
TEACHER EDUCATION: MULTIPLE LEVELS,
LANGUAGE AND DRAMA EDUCATION,
ART AND MUSIC EDUCATION,
MISCELLANEOUS EDUCATION,
LIBRARY SCIENCE,
ARCHITECTURE,
GENERAL ENGINEERING,
AEROSPACE ENGINEERING,
BIOLOGICAL ENGINEERING,
ARCHITECTURAL ENGINEERING,
BIOMEDICAL ENGINEERING,
CHEMICAL ENGINEERING,
CIVIL ENGINEERING,
COMPUTER ENGINEERING,
ELECTRICAL ENGINEERING,
ENGINEERING MECHANICS PHYSICS AND SCIENCE,
ENVIRONMENTAL ENGINEERING,
GEOLOGICAL AND GEOPHYSICAL ENGINEERING,
INDUSTRIAL AND MANUFACTURING ENGINEERING,
MATERIALS ENGINEERING AND MATERIALS SCIENCE,
MECHANICAL ENGINEERING,
METALLURGICAL ENGINEERING,
MINING AND MINERAL ENGINEERING,
NAVAL ARCHITECTURE AND MARINE ENGINEERING,
NUCLEAR ENGINEERING,
PETROLEUM ENGINEERING,
MISCELLANEOUS ENGINEERING,
ENGINEERING TECHNOLOGIES,
ENGINEERING AND INDUSTRIAL MANAGEMENT,
ELECTRICAL ENGINEERING TECHNOLOGY,
INDUSTRIAL PRODUCTION TECHNOLOGIES,
MECHANICAL ENGINEERING RELATED TECHNOLOGIES,
MISCELLANEOUS ENGINEERING TECHNOLOGIES,
MATERIALS SCIENCE,
NUTRITION SCIENCES,
GENERAL MEDICAL AND HEALTH SERVICES,
COMMUNICATION DISORDERS SCIENCES AND SERVICES,
HEALTH AND MEDICAL ADMINISTRATIVE SERVICES,
MEDICAL ASSISTING SERVICES,
MEDICAL TECHNOLOGIES TECHNICIANS,
HEALTH AND MEDICAL PREPARATORY PROGRAMS,
NURSING,
PHARMACY PHARMACEUTICAL SCIENCES AND ADMINISTRATION,
TREATMENT THERAPY PROFESSIONS,
COMMUNITY AND PUBLIC HEALTH,
MISCELLANEOUS HEALTH MEDICAL PROFESSIONS,
AREA ETHNIC AND CIVILIZATION STUDIES,
LINGUISTICS AND COMPARATIVE LANGUAGE AND LITERATURE,
FRENCH GERMAN LATIN AND OTHER COMMON FOREIGN LANGUAGE STUDIES,
OTHER FOREIGN LANGUAGES,
ENGLISH LANGUAGE AND LITERATURE,
COMPOSITION AND RHETORIC,
LIBERAL ARTS,
HUMANITIES,
INTERCULTURAL AND INTERNATIONAL STUDIES,
PHILOSOPHY AND RELIGIOUS STUDIES,
THEOLOGY AND RELIGIOUS VOCATIONS,
ANTHROPOLOGY AND ARCHEOLOGY,
ART HISTORY AND CRITICISM,
HISTORY,
UNITED STATES HISTORY,
COSMETOLOGY SERVICES AND CULINARY ARTS,
FAMILY AND CONSUMER SCIENCES,
MILITARY TECHNOLOGIES,
PHYSICAL FITNESS PARKS RECREATION AND LEISURE,
CONSTRUCTION SERVICES,
"ELECTRICAL, MECHANICAL, AND PRECISION TECHNOLOGIES AND PRODUCTION",
TRANSPORTATION SCIENCES AND TECHNOLOGIES,
MULTI/INTERDISCIPLINARY STUDIES,
COURT REPORTING,
PRE-LAW AND LEGAL STUDIES,
CRIMINAL JUSTICE AND FIRE PROTECTION,
PUBLIC ADMINISTRATION,
PUBLIC POLICY,
N/A (less than bachelor's degree),
PHYSICAL SCIENCES,
ASTRONOMY AND ASTROPHYSICS,
ATMOSPHERIC SCIENCES AND METEOROLOGY,
CHEMISTRY,
GEOLOGY AND EARTH SCIENCE,
GEOSCIENCES,
OCEANOGRAPHY,
PHYSICS,
MULTI-DISCIPLINARY OR GENERAL SCIENCE,
"NUCLEAR, INDUSTRIAL RADIOLOGY, AND BIOLOGICAL TECHNOLOGIES",
PSYCHOLOGY,
EDUCATIONAL PSYCHOLOGY,
CLINICAL PSYCHOLOGY,
COUNSELING PSYCHOLOGY,
INDUSTRIAL AND ORGANIZATIONAL PSYCHOLOGY,
SOCIAL PSYCHOLOGY,
MISCELLANEOUS PSYCHOLOGY,
HUMAN SERVICES AND COMMUNITY ORGANIZATION,
SOCIAL WORK,
INTERDISCIPLINARY SOCIAL SCIENCES,
GENERAL SOCIAL SCIENCES,
ECONOMICS,
CRIMINOLOGY,
GEOGRAPHY,
INTERNATIONAL RELATIONS,
POLITICAL SCIENCE AND GOVERNMENT,
SOCIOLOGY,
MISCELLANEOUS SOCIAL SCIENCES,
