,Extracted Colleges,DT Colleges
0,['Adithya Institute of Technology -  Tamil Nadu'],['Adithya Institute of Technology']
1,['Osmania University'],"['\nOsmania University\n', '\nOsmania University\n']"
2,"['MIT, Manipal University', 'Manipal University']","['Manipal University\n', 'Manipal University\n']"
3,"['Banking Supervision. The purpose of Basel II, which was initially published in June 2004, is to', 'Birla Institute Of Technology -  Pilani, Rajasthan', 'which are recommendations on banking laws and regulations issued by the Basel Committee on', 'University College Of Engineering, University Of Kerala']","['University College Of Engineering', 'Birla Institute Of Technology ']"
4,"['Army institute of technology -  Pune, Maharashtra', 'Rashtriya Military School Bangalore -  Bengaluru, Karnataka', 'Used JUnit for Testing services,Algorithms.']","['Rashtriya Military School Bangalore', 'Rashtriya Military School Bangalore', 'Army institute of technology ']"
5,"['S.N. Project Title Name of company/college Nature of the Remarks', 'Saraswati College Of Engineering, Kharghar -  Mumbai, Maharashtra', '2 An innovative Saraswati College Of Compilation Completed', '3 Simple Website Saraswati College Of Website related to Completed', 'Acharya College Chembur -  Mumbai, Maharashtra', 'NIIT -', '1 Android Based Saraswati College Of Android Completed']","['Acharya College Chembur', 'Saraswati College Of Engineering']"
6,"['Ford India Private Limited manufactures, distributes, and exports cars, SUVs, sedans, and', 'Degree College -  Machilipatnam, Andhra Pradesh', 'AG&SGS Intermediate College', '• Ability to work as a team member supporting co-workers and the commitment to the overall']","['AG&SGS Intermediate College', 'Degree College']"
7,"['1. Following the escalation process and handling the high priority incidents by initiating the', 'to troubleshoot by initial analysis ASAP.', 'Biju Patnaik University -  Rayagada, Orissa', '5. Monitoring the tools like Catchpoint, Pingdom, CSS for quick find of availability alerts and trying']",['Biju Patnaik University']
8,"['Infosys Limited -  Mysore, Karnataka -', 'Hr. Sec. School', 'potential and provides me an opportunity to enhance my knowledge and to be an asset of the', 'Velammal Engineering College -  Chennai, Tamil Nadu', 'Infosys Limited -  Chennai, Tamil Nadu -', 'Systems Engineer - Infosys Limited', '• Attended in-plant training on security division at ""Minda Corporation Limited"", Chennai.', '• Attended workshop on ""Non-Destructive Testing"" conducted at Velammal engineering College,']","['Hr. Sec. School\n', 'Tamil Nadu Board Of Education', 'Velammal Engineering College']"
9,"['• Risk management & mitigation', 'track tasks. Identify risks and mitigation plans.', '• Sprint Planning & monitoring - Scoping, resource levelling / smoothing', 'Narsee Monjee Institute of Management Studies', 'Coded UI, Unit Test Framework, Performance testing using Visual Studio 2012, SQL Server 2012.']",['Narsee Monjee Institute of Management Studies']
10,"['Infosys Limited -', 'problem areas and delivering on client commitments.', 'Analysis, Test and Support activities.', '● Expertise in Risk Analysis, Mitigation and Remediation.', 'University / Board', 'Lovely Public Sr. Sec. School', 'Northern India engineering college, IP UNIVERSITY DELHI']","['Lovely Public Sr. Sec. School', 'Lovely Public Sr. Sec. School', 'Northern India engineering college, IP UNIVERSITY DELHI']"
11,"['rajasthan University', '• Software Engineer with overall 3+ years of experience in Network Monitoring system tool (EM7,', '• Unit Testing and code review', '• Cisco Monitoring Tools: EM7', '2. Database and Infrastructure Monitoring and Alerting related to device.']","['rajasthan University\n', 'Compucom Insitute of Information Technology\n']"
12,"['REiume Institute of road -  Erode, Tamil Nadu', 'Infosys Limited -', 'Level 1 (BI process) • Involved in monitoring batch jobs in CA7 job scheduler', '• Involved in Qlikview initial error analysis and the concerned', '• Initial analysis of log files and fixing of environment related', '• Good knowledge of monitoring Qlikview Dashboards', 'Salem, Tamil Nadu - Email me on Indeed: indeed.com/r/Kavitha-K/8977ce8ce48bc800', '• Monitoring Critical dashboards and communicating delay to clients', '• Responsible for all Process related activities like incident', '• Monitoring Qlikview dependent ETL jobs in CA7 job scheduler', 'Networking, Infosys Limited', 'https://www.indeed.com/r/Kavitha-K/8977ce8ce48bc800?isid=rex-download&ikw=download-top&co=IN', '• Monitoring Qlikview dashboards from end to end and manually', 'Kavitha K', 'Senior System Engineer - Infosys Limited', 'Seeking to work with a software firm, to constantly upgrade my knowledge and utilize my']","['REiume Institute of road', 'Networking, Infosys Limited']"
13,"['School Of Information Sciences', 'Seeking for opportunities to learn and grow in electronics domain.', 'Vidyodaya P.U. College -  Udipi, Karnataka', 'Srinivas Institute of Technology -  Mangalore, Karnataka', 'Little Rock Indian School', 'Visvesvaraya Technological University', 'Manipal Academy of Higher Education']","['Vidyodaya P.U. College', 'Visvesvaraya Technological University\n', 'Srinivas Institute of Technology', 'Manipal Academy of Higher Education', 'School Of Information Sciences\n', 'Little Rock Indian School\n']"
14,"['Engineering College', 'MM University', 'Silver Bells Public School -  Muzaffarnagar, Uttar Pradesh', 'Paratap Public School -  Karnal, Haryana']","['Silver Bells Public School -  Muzaffarnagar, Uttar Pradesh', 'Paratap Public School -  Karnal, Haryana', 'MM University']"
15,"['CO CURRICULAR ACTIVITES:', 'SSVPS’s Late B. S. Deore College of Engineering ,Dhule -  Dhule, Maharashtra']",['SSVPS’s Late B. S. Deore College of Engineering']
16,"['Infosys limited -', 'Monitoring Tools: Nagios', '✓ Review, Installation/Upgrade and configuration of Jenkins Plugins.', 'Lovely Professional University', '✓ Review and upgrade of Plugins to meet project requirements and to achieve better', '6. Monitoring Dashboards setup using kibana.', 'Infosys limited -  Hyderabad, Telangana -', 'Sister Nivedita School -  Karimnagar, Telangana', 'Secondary School Certificate in education', '4. Working with Open-Source Nagios plugins on demand basis to setup ICINGA monitoring for our']","['Sister Nivedita School ', 'Lovely Professional University']"
17,"['inDR N.G.P ARTS AND SCIENCE COLLEGE -  Coimbatore, Tamil Nadu', 'Bachelor of computer science graduate seeking opportunities in the field of ITIS to contribute', '• Monthly patching update activity and server owner approval / RFC follow-ups.']",['inDR N.G.P ARTS AND SCIENCE COLLEGE ']
18,"['Infosys Limited -  Bengaluru, Karnataka -', 'Senior Systems Engineer - Infosys Limited', '• Currently working as Senior Systems Engineer with Infosys Limited, Bangalore since October', 'Dayananda Sagar College of Engineering -  Sagar, Karnataka', 'American Water is an American public utility company operating in the United States and Canada.', 'project and accomplish the result adhering with timeliness and creativity.', 'Infosys Limited -  Hyderabad, Telangana -']",[]
19,"['Infosys Limited -  Mysore, Karnataka -', 'Infosys Limited -', 'Kuppam Engineering College -  Kuppam, Andhra Pradesh', ""details, calculate monthly EMI's and there activity like - Account login details, Account transaction,"", 'Vani Jr college', '• Previously worked with Infosys Limited, Mysore as a Software Test Engineer.', 'Padmavani High School', 'System Customizations/Enhancements and Initiatives.']","['Padmavani High School\n', 'Vani Jr college', 'Kuppam Engineering College']"
20,"['Wipro Technologies Limited (Bangalore, Karnataka)', 'PES college', 'Rajah college']","['Rajah college\n', 'PES college']"
21,"['• Internal UAT-Part of upgrade team, testing all functionality and interfaces.', '• Monitoring the new add on features in Fusion and old features assigned', '• Monitoring the new add on features in R12 and old features assigned', 'Community Architecture of the Oracle e-business suite bundle.', '• Pre University from Vivekananda PU College, Bangalore(2004)', '• Passed 10th STD from Angels High School, Bangalore(2002)', '• Global Country wise clean up initiative focusing on achieving a clean and accurate database', '- Managing activities like synchronizing creation and updates of supplier records.', '• Bachelors in Commerce (B.Com) from Vivekananda Degree College, Bangalore', 'University(2007)']","['Vivekananda PU College', 'Vivekananda Degree College, Bangalore\nUniversity']"
22,"['Description: Has undergone E&R training in Infosys Limited (Mysore) in Microsoft. Net Stream.', 'Infosys Limited -', 'Meghnad saha institute of technology', 'Uft/qtp,alm/qc,jira,jenkins,automation testing,cicd,service vitualization,uipath', 'Automation Engineer in Infosys Limited, Pune.', 'Database Connectivity ODBC']",['Meghnad saha institute of technology\n']
23,"['• A certified business analyst from BCS, The Chartered Institute for IT with proficiency in', 'Unit Testing, Integration Testing, Test strategy', '• Assisting/leading GO-LIVE activities for smooth code delivery in short duration', 'Amity University -  Lucknow, Uttar Pradesh', 'Project 2: HDM Upgrade and firmware testing of Customer Premises Equipment (CPE)', 'Canossa Convent School', 'requirement management and project definition', 'definition, Test Plan, Test Estimation, Test Cases/Scenarios, Test Procedures, Results and', '• To provide Project estimates, resource commitment for functional testing', '• Proficient in Project management, requirements definition, software testing, SDLC, STLC, Agile,', 'Canossa Convent Girls Inter College', '• Participating in risk and mitigation planning discussing the project planning and related risks']","['Canossa Convent School\n', 'Canossa Convent Girls Inter College\n', 'Amity University ']"
24,"['I am looking for a job opportunity as a System Engineer that gives me professional growth and', 'Rajiv Gandhi Institute of Technology', 'Al-Ameen PU College', 'Visveswaraiah Technological University -  Bengaluru, Karnataka']","['Rajiv Gandhi Institute of Technology', 'Al-Ameen PU College', 'Visveswaraiah Technological University']"
25,"['KIIT college of Engg.', '● Troubleshooting client connectivity and package installation issues by analysis of logs.', '● Working on incidents logged by end users as a daily activity.']",['KIIT college of Engg.']
26,"['Mangalore University, Mangalore', 'Infosys Limited -', 'Mangalore University, Karnataka.', 'Bachelor of computer application: with 74% from Milagres College, Kallianpur under', '•Performed functional, Regression testing, Sanity testing.', '• Sql server 2005, Oracle • System upgrades']",[]
27,"['Vedanta College of management and information technology -  Mumbai, Maharashtra', 'Guru Nanak English High School and Jr cllg', 'swami Vivekananda school']","['Guru Nanak English High School and Jr cllg', 'Vedanta College of management and information technology']"
28,"['Invoices and remittance) to be transferred to vendors using non-SAP systems for reconciliation', 'UPTU. India', '• ADBC connectivity.']",['UPTU. India']
29,"['Infosys Limited -', 'Central India Institute', 'Technical University', 'functionality for telecom services in OSS space. Our role as a team was to ensure any Initiate/', 'Test Engineer - Infosys Limited', 'Overall around 4 years of work experience - Currently working with Infosys Limited designated', '• Sanity testing on different environments', 'CBIL is a strategic initiative to standardize all interfaces with core banking without impacting the']",['Central India Institute\n']
30,"['Owned and developed several products to help network migration, upgradation, tracking bugs,', 'IIIT -  Bengaluru, Karnataka', 'M.Tech. in IT in VIT, Pune']","['IIIT', 'VIT']"
31,"['https://www.linkedin.com/in/nitin-tr-588105129', 'Nitin Tr', 'Vijaya High School', 'Vijaya composite p.u. college', 'An e-commerce website I built as my college project. The website contains all the basic elements', 'https://www.indeed.com/r/Nitin-Tr/e7e3a2f5b4c1e24e?isid=rex-download&ikw=download-top&co=IN', 'Bangalore Urban, Karnataka - Email me on Indeed: indeed.com/r/Nitin-Tr/e7e3a2f5b4c1e24e']","['Vijaya High School', 'Vijaya composite p.u. college', 'Vtu ']"
32,"['Institute of Road and Transport May', '• Unit Testing']",['Institute of Road and Transport May']
33,"['Notre Dame Academy -  Patna, Bihar', 'Infosys Limited -  Mangalore, Karnataka -', 'for opportunity to develop my professional skills in a vibrant and stable environment,', '• Creativity • Organized', 'Senior System Engineer - Infosys Limited', 'Vellore Institute of Technology -  Vellore, Tamil Nadu']","['Notre Dame Academy ', 'Vellore Institute of Technology ']"
34,"['Annamacharya Institute of Technology, JNTU, Hyderabad -  Hyderabad, Telangana', '• Monitoring the deployment in all the servers', '• Web Logic Administration, Monitoring and Troubleshooting using Admin Console.', '• Monitor and track requests in Subversion.', '• Monitor and fix the continuous integration builds running in Jenkins.', 'pool configuration with Oracle. Web Logic Administration, Monitoring and Troubleshooting using', '• Integrate Unit Testing in Ant builds', '• Monitoring environment using monitoring tools like Wily monitoring tool and custom shell script.', 'activities such as auto start application server.', 'B.Tech From Annamacharya Institute of Technology, JNTU Hyderabad - 2015 ']","['Annamacharya Institute of Technology', 'Annamacharya Institute of Technology']"
35,"['Dayanand Sagar College of Engineering Bangalore (Visvesvaraya Technological University) -', 'Visvesvaraya Technological University']","['Visvesvaraya Technological University', 'Dayanand Sagar College of Engineering', 'Visvesvaraya Technological University']"
36,"['Cement Limited], DEWAS (M.P.) from 30.07.2002 to till date.', '✓ Joining Formalities (Pre & Post recruitment activities)', 'Client: H.& R. Johnson (India) [A Division of Prism Cement Limited], DEWAS (M.P.)', 'Polytechnic College Damoh -  Sagar, Madhya Pradesh']",[]
37,"['✓ Router: Basic Configuration & monitoring of Cisco 2500, 2600, 1800', 'work ethic. I am a technical expert in a number of network areas, in particular connectivity,', 'Aptech Institute of Technology', 'Karnataka State University']","['Aptech Institute of Technology', 'Aptech Institute of Technology', 'Karnataka State University\n', 'IGNOU\n']"
38,"['Institute/Board', 'North Maharashtra University']",['North Maharashtra University\n']
39,"['Vaughn College of Aeronautics and Technology', '* Deploy and monitor scalable infrastructure on AWS & configuration management.', '• Utilized Cloud Watch to monitor AWS resources to set alarms for notification, and to monitor', '〓 Deploy and monitor scalable infrastructure on AWS & configuration management.']",['Vaughn College of Aeronautics and Technology']
40,"['Infosys Limited -  Bangalore Urban, Karnataka -', 'Uttar Pradesh Technical University -  Ghaziabad, Uttar Pradesh', 'Goa Institute of Management -  Goa', '- Problem Definition: Conduct secondary research that helps identify problem areas']",[]
41,"['Nagarjuna University', 'optimization, risk assessments and control, technical feasibility studies, project scope definition,', 'Texas A&M University -  Kingsville, TX', 'expenses; monitoring and reporting on standards & performance targets', 'initiatives; adhering to quality norms throughout the project implementation']","['Nagarjuna University', 'Texas A&M University -  Kingsville, TX\n']"
42,"['Dayananda Sagar College of Engineering -  Bengaluru, Karnataka', '• Responsible for report generation with respect qualified leads and expected commitments in', 'Govt Science College -  Hassan, Karnataka']","['Govt Science College', 'Dayananda Sagar College of Engineering']"
43,"['smooth testing activities everyday SOP.', '• Good in defect logging and tracking activities till the closure of a defect using tools QC and AIT.', 'Daily monitoring servers heath check .', 'order, managing appointments, monitoring status to order completion.', 'narayana jr.college', 'pragathi high school', '• Performing a Sanity test on the application and working on stabilizing the test environment for']","['pragathi high school', 'narayana jr.college', 'vasundhara womens']"
44,"['• Training the users for carrying out their warehouse activities and using the warehouse monitor', '• Prepared Functional / Technical specifications and involved extensively in Unit Testing and', 'Anna University', '• Prepared Functional / Technical specs and involved extensively in Unit Testing and Integration']","['Anna University', 'Anna University']"
45,"['University.', 'personnel. Maintain high level of customer satisfaction always with an eye on productivity.', '• Network Devices monitoring', '• Cross-domain and Cross platform monitoring.', '• Integrating and monitoring other System Center Products such as SCCM, SCDPM, SCVMM etc.', '• Network devices and Web Application monitoring', '• Done B.E. from Padmshree Dr. D.Y.Patil Institute of Engineering and Technology, Pimpri, Pune', 'Pune University']",['Pune University']
46,"['Govt. High school Yernalli', 'Mitsubishi FX3U 16M GX-Developer']",['Govt. High school Yernalli']
47,"['ITM University Gwalior -  Gwalior, Madhya Pradesh', 'INFOSYS LIMITED -  Pune, Maharashtra -', 'JAVA Developer/Senior Systems Engineer - INFOSYS LIMITED', 'INFOSYS LIMITED -  Mysore, Karnataka -']",['ITM University Gwalior']
48,"['from Repacking - Batch creation, Create Inbound Delivery, Reprint Handling Unit, Post Goods', 'Anna University Chennai -  Chennai, Tamil Nadu']",['Anna University Chennai ']
49,"['Punjab Technical University (PTU) Jalhandar', 'Punjab Technical University', 'Role: fetching data, analyzing, monitoring, troubleshooting']","['CDAC Mohali ', 'CDAC', 'Punjab Technical University\n', 'Punjab Technical University (PTU)', 'CDAC']"
50,"['environments. And also done with Unit testing using Test Utility.', 'Amrita School of Engineering', 'Project: Arrow Unity (Sales Work Bench)', '• Carry out Weekly Status reporting activities such as MOM updates and health sheet generation.', '• Hands on experience in creating Splunk dashboard, App for production proactive monitoring', '• Carry out Configuration Management activities for projects.', ""• Work on 'Go Live' activities as per the Implementation plan and manage any issues related to"", 'artifacts such as unit test scripts, etc. independently and support peers in identifying code defects', '• Create program specifications, unit test plans for software programs by studying functional', '• Code reviews and independent unit testing for components']",['Amrita School of Engineering']
51,"['Infosys Limited -', 'Quality Planning & Management, Risk Planning & Mitigation, Defect Management & Warranty', 'in mitigating the risk and bringing back project delivery on-track.', '13 years of experience in Infosys Limited handling and managing', 'Great Lakes Institute Of Management -  Chennai, Tamil Nadu', 'accomplished in prioritizing and INFOSYS LIMITED, INDIA & USA', 'Adhiparasakthi Engineering College (Anna University)', 'in mitigating the risk and bringing back project', 'Infosys Limited']","['Adhiparasakthi Engineering College (Anna University)', 'Great Lakes Institute Of Management']"
52,[],"['VSSUT,burla\n']"
53,"['opportunities', '* Led research initiatives analyzing behavioural metrics, driving and monitoring member insights,', 'Mount Carmel Institute of Management -  Bengaluru, Karnataka', 'development, from cold nurtured inquiries to closed opportunities, ensuring timely follow-up on', 'source community on a regular basis', 'Looking for strategic opportunities in the field of marketing']",['Mount Carmel Institute of Management']
54,"['Pratibha Junior College', 'S.R high School -  Chennai, Tamil Nadu', 'GMR Institute of Technology and Management -  Kakinada, Andhra Pradesh', 'Infosys Limited -  Chennai, Tamil Nadu -', 'Infosys limited']","['S.R high School -  Chennai, Tamil Nadu\n', 'Pratibha Junior College', 'GMR Institute of Technology and Management']"
55,"['➢ Troubleshooting end user network connectivity issue', 'during Migration activity.', 'EIGRP, OSPF, BGP, MPLS or at access level Post migration activity.', 'R.D.S COLLEGE -  Bihar Sharif, Bihar', 'Bihar School Examination Board -  Patna, Bihar', 'filtering, Installation, Migration, Upgradation, ClusterXL etc.', 'deployment and administration of Network infrastructure. I am looking for opportunities to further', 'activities in bulk. Involving all other stakeholders responsible for end to end delivery of customer', '➢ Checkpoint Firewall: FW Monitor, TCP-Dumps, Rules, NAT, IPsec VPN, Backup & Restore, URL', '➢ Installation, upgradation, Backup and restoration of checkpoint firewall', '➢ Troubleshooting end user network connectivity issue.', 'Dr. R.M.L.S COLLEGE -  Bihar Sharif, Bihar', '➢ Backing up and Upgrading software on Cisco router, switches using TFTP server', 'High Availability in Active-Active & Active-Standby Mode, Redundant interface, SLA Monitoring,']","['Dr. R.M.L.S COLLEGE', 'R.D.S COLLEGE ']"
56,"['• APIC upgrade downgrade, Cisco Nexus 9k leaf spine downgrade upgrade testing.', '• Tested Mac learning, aging and limiting features', '• End to end testing of Cisco IT test bed, upgrade and downgrade of Various', '• Tested Mac learning, aging, flushing and limiting features', '• Skilled in providing support in various networking testing activities to', '• Conducting the Dev-test activities for Eth-Sys series switch. Bring up new setup,', '• Test the various images submitted by release -ops team', 'Dr MGR University Chennai -  Chennai, Tamil Nadu', '• Conducting the Dev-test activities for CTP for Rings 9.7 feature. Bring up new setup,', '• Tested the various images submitted by release -ops team']",['Dr MGR University Chennai']
57,"['• Monitoring Queues and error handling of BDocs.', 'Worked on system set up (creation of sites, subscriptions), opportunity, quotation, order', '• Monitoring middleware data between ECC and CRM.', 'Padmanava College of Engineering', 'SAP IMG Customizing Activity from the Table Name, basic knowledge of Smartforms)', '• opportunity planning, opportunity management', 'Opportunities, Quotation, Sales orders, Activities.', 'sales cycle, starting with creating appointments and business opportunities, through to managing', '• Written Test cases for different CRM modules (Account Management, opportunity, activity', '• Worked on downloading initial and delta download between ECC and CRM,', '• Activity management, visit Planning', 'access all their accounts, contacts, leads, opportunities, and activities from a single point. All', ""St. Joseph's convent school"", '• Worked with cross-functional teams during development and configuration activities to ensure']","[""St. Joseph's convent school\n"", 'Padmanava College of Engineering\n']"
58,"['AcelorMittal -', 'ArcelorMittal is the worlds leading steel company, with operations in more than 60 countries.', '• Experience on Unit testing (UT), functional testing (FT), UAT scripts and regression', 'M.R.S. Oil and Gas Company Limited operate as a subsidiary of MRS Group. The company has', '• Modified life limited parts smart form which gives the list of LLP information for each Engine. This', 'JAWAHARLAL NEHRU TECHNOLOGICAL UNIVERSITY', 'M.R.S. Oil and Gas Company Limited distribute and supplies petroleum products. It offers', 'Tech Mahindra Limited, Hyderabad, India. Sr. Software Engineer May/2008 - May/2016', '• Modified standard smartform for Bid bond invitation form ""BBP_ BID_INVITATION"" adding cover', '• She has worked for NNIT (Novo Nordisk) and M.R.S oil and gas company at offshore', '• She has worked for GE (General Electric Company) Support Project and Acelor Mittal', ""ArcelorMittal is the world's leading steel and mining company. Guided by a philosophy to produce"", 'including automotive, construction, household appliances and packaging. ArcelorMittal is present', 'ArcelorMittal is the leader in all major global steel markets, including automotive, construction,', 'Nordisk has been committed to providing the best possible solutions for people with diabetes and', '• Developed smartform for work permit.', 'supplies of raw materials and outstanding distribution networks. In 2010, ArcelorMittal had']",['JAWAHARLAL NEHRU TECHNOLOGICAL UNIVERSITY\n']
59,"['Awards and Recognitions', 'Gowtham Jr. College -  Vijayawada, Andhra Pradesh', ""• Worked as Software Engineer with Prolifics Corporation Limited from Dec' 2015 to Sept' 2016"", 'Vignan Vidyalayam High School -  Visakhapatnam, Andhra Pradesh', 'M. V. G. R College of Engineering -  Vizianagaram, Andhra Pradesh']","['Vignan Vidyalayam High School', 'Gowtham Jr. College -', 'M. V. G. R College of Engineering']"
60,['Kalinga Institute of Industrial Technology'],['Kalinga Institute of Industrial Technology\n']
61,"['National Institute Of Technology', 'Infosys Limited -', 'System Engineer - Infosys Limited', 'Shubham Mittal', 'Infosys Limited -  Mysore, Karnataka -', 'Mysore, Karnataka - Email me on Indeed: indeed.com/r/Shubham-Mittal/4b29ab0545b0f67f', 'https://www.indeed.com/r/Shubham-Mittal/4b29ab0545b0f67f?isid=rex-download&ikw=download-top&co=IN', ""St. John's School""]","[""\nSt. John's School\n"", 'National Institute Of Technology\n']"
62,"['Infosys Limited -', '• Integrated Code quality, Code coverage, Unit Tests, Functional Tests with CI pipeline and', 'DevOps Consultant with Infosys Limited', 'Infosys Limited -  Chennai, Tamil Nadu -', 'Saranathan College of Engineering -  Tiruchchirappalli, Tamil Nadu', '• Create/Submit applications and required associated documentation to 3rd parties for third party']",['Saranathan College of Engineering ']
63,['Shivaji University'],"['Shivaji University', 'Maharashtra Board\n', 'Maharashtra Board\n']"
64,"['Technical and Co-Curricular activities', 'Vivekananda Engineering College for Women -  Chennai, Tamil Nadu', '➢ Completed training of OCA (9i, 10g) from Oracle University.', 'Frankfinn Institute of Airhostess Training -  Calicut, Kerala']","['Frankfinn Institute of Airhostess Training ', 'Vivekananda Engineering College for Women']"
65,"['Technical and Co-Curricular activities', 'Vivekananda Engineering College for Women -  Chennai, Tamil Nadu', '➢ Completed training of OCA (9i, 10g) from Oracle University.', 'Frankfinn Institute of Airhostess Training -  Calicut, Kerala']","['Frankfinn Institute of Airhostess Training', 'Vivekananda Engineering College for Women']"
66,"['Avinashilingam Deemed University -  Coimbatore, Tamil Nadu', 'S.B.K.V higher secondary school', 'Avinashilingam Institute for Home Science & Higher Education for Women']","['Avinashilingam Deemed University', 'S.B.K.V higher secondary school', 'Avinashilingam Institute for Home Science & Higher Education for Women\n']"
67,"['College of engineering -  Bhubaneshwar, Orissa', 'ODM Pubic school -  Bhubaneshwar, Orissa', 'Green-Field school', '- Carried out DB changes alone with Unit, Integration, Functional, Regression testing and test', '- Coding and Units testing.']","['ODM Pubic school', 'College of engineering']"
68,"['● Manage entire testing activities from Functional test preparation/execution, Integration test', 'Nagarjuna University', 'Track and prepare the report of testing activities like test testing results, test case coverage,', 'productivity by reducing the staffing and operational cost by 25%.', 'system and then design, develop and unit test data load routines. This will include the definition', 'Appium, Junit, Cucumber, JIRA, Maven, SOAPUI, Jbehave, BDD etc.,', '● Independently executes strategic leadership to others in identifying opportunities and Expert', 'as part of its merchandising transformation initiatives.', '● Test Manager: Onsite / Offshore Operations: Involved in all key initiatives of the enterprise', 'effective performance management & strategic planning; developing new opportunities;', 'Kakatiya University', 'with all vendors, pre sales activities, customer engagement, writing proposals, and Test', 'portfolios from Initiation Business Case & Charter, through Requirements, Planning, Budgeting,', '● Pipeline building through new opportunities, cross-selling, up-selling and Establish', 'Conducted LESS (Load Testing, Endurance Testing, Stress Testing, Spike Testing) Testing Activities', 'Involved in SDLC definition and customization and method adaptation, process optimization,', 'Involved and excelling in enterprise-wide initiatives, complex and time-critical business projects']","['Kakatiya University', 'Nagarjuna University']"
69,"['• Worked on Code incremental and DB incremental activities.', ""Convent Girls' High School"", 'Vidyalankar Institute of Technology on 5th March 2016.', '• Configured Junit setup for the upgrade activities.', '• Microsoft Technological Associate course held at Vidyalankar Institute of Technology from 16th', '• Ethical Hacking and IT Security workshop held at Vidyalankar Institute of Technology on 6th', 'D.G Ruparel College', '• Worked on fixing various defects that were part of OBP product code and database upgrade.', '• Trained on Java, Plsql, Flexcube for 3 months from Oracle University.', '• Unit Tested and modified the changes required for OBP consulting upgrade.']","[""Convent Girls' High School"", 'D.G Ruparel College']"
70,"['B V Bhoomaraddi College of Engg and Technology Hubli -  Hubli, Karnataka', 'Visveswaraiah Technological University -  Belgaum, Karnataka', 'To secure a promising position that offers both a challenge and a good opportunity for both', 'Company 1: Oracle India Private Limited, Bangalore', 'Client: System Assurance Centre, Oracle Unites States of America', 'handled upgrades with latest adop technology.', '➢ Experienced with Database upgrades as well. Carried out upgrades from 10g to 11g, 11g to', '➢ 8+ years of Oracle Applications DBA with Build and Release activities.', '➢ Carried out 12.2.X upgrades from 11i and R12 baselines with 11g and 12c database level', '• Monitoring and Support 24/7', '➢ Carried out 11i and R12 Upgrades on Oracle Internal Customers.', 'Oracle Apps DBA for R12 and 12.2.X baselines, responsible for all the EBS release activities ,']","['Visveswaraiah Technological University -', 'B V Bhoomaraddi College of Engg and Technology Hubli']"
71,"['• Office productivity: Microsoft Word, Excel, Power point.', 'Pune University -  Pune, Maharashtra', 'Sumit Kubade', 'Maharashtra State Government, Pune University -  Pune, Maharashtra', 'Indian Institute Of Company Secretory Of India (Appeared)', 'https://www.indeed.com/r/Sumit-Kubade/256d6054d852b2a7?isid=rex-download&ikw=download-top&co=IN', 'Pune, Maharashtra - Email me on Indeed: indeed.com/r/Sumit-Kubade/256d6054d852b2a7', '• Participation in performing year end closing activity']","['Maharashtra State Government, Pune University', 'Indian Institute Of Company Secretory Of India (Appeared)\n']"
72,"['Nagarjuna University', '• Good experience in Hadoop development and Admin activities.']","['Nagarjuna University\n', 'CDAC']"
73,"['device discovery CSO, core collection, connectivity and data normalization. Together we call as', 'Pondicherry University -  Puducherry, Puducherry', 'Jawaharlal Nehru Technological University']","['Jawaharlal Nehru Technological University', 'Pondicherry University']"
74,"['productivity', '• Initiated, designed and executed marketing events; attendees included 200 IT heads;', 'College of Engineering -  Roorkee, Uttarakhand', '• Initiated a structured mentorship program for MySQL Team; Training times down by 2 Months;', '• Generate opportunities using Linkedin, Hoovers, Job Portals, Marketing Leads and Oracle Install']",['College of Engineering']
75,['Shri gnanambika degree college'],['Shri gnanambika degree college']
76,"['University of Chicago -  Chicago, IL', 'Indian Institutes of Technology IIT Kanpur']","['Indian Institutes of Technology IIT Kanpur', 'University of Chicago']"
77,"['• System Upgrade from EHP 6 to EHP 7.', '• Finished Diploma in Java course from NIIT', '• Monitoring top CPU Utilization/Memory Utilization issues at OS-level.', 'Sri Sathya Sai Institute of Higher Learning -  Anantapur, Andhra Pradesh', '• Monitoring & perform database backup at DB13 level.', '• Monitoring HANA DB and to troubleshoot performance issues using HANA studio.', '• Monitoring and troubleshooting JAVA systems using NWA and admin tools like Visual Admin tool', '• Part of EHP upgrade from ERP6.0 EHP 6 to ERP6.0 EHP 7', '• Monitoring Top CPU Utilization/Memory Utilization issues at OS-level.', '• Table space monitoring using BRTOOLS.', 'Performed all SAP Basis Activities like Performance monitoring, Monthly report generation.', '• Performance Monitoring for ECC, BI, SRM, CRM, and PI systems.', '• System Build for System Upgrade.', '• Kernel upgrades for the entire landscape.', 'TVS Lakshmi Matriculation Higher Secondary School -  Madurai, Tamil Nadu', 'Performed all SAP Basis Activities like Production System Performance monitoring, Monthly report', '• Kernel upgrade for the entire landscape.', '• System Build, System Refresh, system upgrade and system maintenance activities.', 'Thiagarajar School of Management -  Madurai, Tamil Nadu']","['TVS Lakshmi Matriculation Higher Secondary School', 'TVS Lakshmi Matriculation Higher Secondary School', 'Sri Sathya Sai Institute of Higher Learning ', 'Thiagarajar School of Management ']"
78,"['Infosys Limited -', 'Installing and upgrading RT and RTIR for improved request handling with MySQL database.', '- Monitoring and tracking the corrective actions are taken within defined timeframe.', '- Working with various teams to mitigate the violations.', ""I'm committed; goal oriented, & has zeal to learn new things & technologies."", 'GLA Institute of Technology and Management -  Mathura, Uttar Pradesh', 'Infosys Limited -  Chandigarh, Chandigarh -', 'Malware Response When malware is detected by alert or scanning initiate containment', 'and access management activities, updating existing access and provisioning workflows, manage', ""I've 4.6 years of IT experience in Identity and Access Management with Infosys limited. It involves""]",['GLA Institute of Technology and Management']
79,"['ANNA University', '• Implementing basic IPv6 connectivity in the Cisco IOS software consists of assigning IPv6', '• Activity participated and organized the automation team to work on agile methodologies.', '• Automated the basic sanity test cases and executing sanity testing for the v6 support.', '❖ 4 years of experience in testing methodologies: Automation, Regression, Sanity and Manual.', '• Active Participation in automating test cases for sanity test.', 'Day Adventist Matric Hr.Sec School', '❖ Increase in remote user productivity']","['Day Adventist Matric Hr.Sec School\n', 'ANNA University\n']"
80,"['Government Boys Higher Secondary School -  Pallipalayam, Namakkal, IN', 'analyses the team wise ticket count. We can there by monitor the performance of various teams.', '• To have define the type=1, report definition for BTRAMR0001SBB', '• Providing Statistics about the monthly activities done by the team', '• Maximo Consultant in Infosys Limited, Chennai from August 2013 till date (around 4.8 years)', '• Distribute the requirements to the team and monitor the development progress and provide', 'Other Job Related Activities:', '➢ Maximo Installation/Upgradation', '• Having experience in Maximo Implementation, L2 and L3 support, and deployment activities', '• Created the template for maintaining the application maintenance activities.', 'Nandha Engineering College -  Erode, Tamil Nadu', 'activities for future implementation.', 'Maximo Consultant - Infosys Limited', '• Submitted Internal tutorial document on Configuration of Hover Dialogs and Its usage in Maximo', 'Infosys Limited -  Chennai, Tamil Nadu -', 'Infosys Limited', '➢ Basics of BIRT, Cognos Reporting, Monitor logs from Admin console.']","['Government Boys Higher Secondary School ', 'Nandha Engineering College']"
81,"['• Good capabilities of trouble shooting and resolving different kinds of issues like connectivity', 'Hosanna National High School', 'Infosys Limited -', 'Employer Infosys Limited', 'Message Monitoring.', '• Initiative, Leadership Qualities and Team spirit.', 'Infosys Limited Senior Systems Engineer 01st Oct 2015 - till date', '• Unit testing the applications.', 'Developer - Infosys Limited', 'Vidya Bharati Institute Of Technology -  Hindupur, Andhra Pradesh']","['Hosanna National High School', 'Vidya Bharati Institute Of Technology -  Hindupur']"
82,"['Graphic Era University -  Dehra Dun, Uttarakhand', '• Identifying limitations and suggesting appropriate solutions.', 'Project Title: 5 Day Close Monitoring Tool', 'Technology/Tools: Microsoft SharePoint 2013, Azure Cognitive Services, Azure Service Bus, Azure']",[]
83,[],['KGISL']
84,"['GNIT institute of Technology -  Lucknow, Uttar Pradesh']",['GNIT institute of Technology ']
85,"['Madurai Kamaraj University -  Madurai, Tamil Nadu']",['Madurai Kamaraj University']
86,"['Entity Recognition feature to extracting business keywords from a given text.', 'my internship, I got an opportunity to develop a Windows 10 application.']",['GGSIPU']
87,"['• Responsibilities: Handling deployment of firm application upgrades and reporting of bugs and', 'Nitte Meenakshi Institute of Technology -  Bengaluru, Karnataka', 'Dhalpur, […]', 'communicating with 3rd party service providers for account activations, upgrades, password']",['Nitte Meenakshi Institute of Technology']
88,"['amity -  Noida, Uttar Pradesh']",['amity']
89,[],"['VSSUT,burla']"
90,"['Osmania University', '* Monitoring, Remote administration, maintenance of a Datacenter Servers comprising of', '* Managing, monitoring and troubleshooting all installed systems and infrastructure.', '* Performing Upgrades, Installation of Software and Drivers and essential software', '* Monitor and resolve any issues related to Usage, Performance, and availability on storage.', 'management work for optimizing the team by improving the productivity and reducing the cycle', '* Activity and resource planning.', 'processing units (CPUs), support logic, microprocessors, custom integrated circuits, printers, and']",['Osmania University']
91,['• Present working at Al-wadi Int School as an Arabic/Islamic teacher.'],[]
92,"['Calicut University -  Calicut, Kerala', 'These programs were conducted by LEAD College of Management.', 'Chairman of LEAD College of Management, Dhoni.']",['Calicut University']
93,"['◦ Designing and developing for monitoring', '◦ Write, execute the BVTs, Unit tests and functional tests, monitoring and improving code', 'I am frequent community contributor. I blog at http://girishthegeek.wordpress.com/ ', '◦ Implementing (developing, testing and monitoring) highly scalable, distributed services', 'Automated Unit Testing, Web Testing, Coded Unit Tests, Performance Testing etc. Tools – SpecFlow,', '◦ Write, execute the BVTs, Unit tests and functional tests', '* Design and develop inside out and outside in monitoring and logging', 'JMeter, Junit, NUNit, MoQ, Fluent Assertions, VSTS, GIT, Microsoft Test Manager, Continuous', 'Automated Unit Testing, Web Testing, Coded Unit Tests, Performance Testing etc. Tools - SpecFlow,', '〓 Design and develop inside out and outside in monitoring and logging ', 'The team completed the whole migration activity in 6 weeks using Agile methodology and', '◦ Automated unit, performance, integration testing, synthetic testing, data testing, monitoring', 'o Designing and developing for monitoring ', 'field productivity by simplifying the process and removing training requirements for complex', 'o Capacity monitoring and management ', '* Deployment automation and synthetic monitoring using application insights', '* Azure Operations Architecture: Logging and monitoring using Windows Azure Diagnostics,', '* Automated Testing: Automated Unit Testing, Web Testing, Coded Unit Tests, Performance Testing', 'etc. Tools - SpecFlow, Jmeter, Junit, NUNit, MoQ, Fluent Assertions, VSTS, GIT', 'Integration and deployment, maintaining build definitions', 'technical architect and software tools for inside-out and outside-in monitoring and telemetry. ', '◦ Automated unit, performance, integration testing, synthetic testing, data testing', 'deploying and monitoring highly scalable distributed applications and services. ', '◦ MOQ, SpecFlow, NUNit, JMeter, RhinoMock', '◦ Capacity monitoring and management', 'Integration and deployment, maintaining build definitions ', '◦ MOQ, SpecFlow, NUNit, JMeter', '◦ Continuous Integration and deployment, maintaining build definitions']",['C-DAC']
94,"['NMKRV College, Bangalore University -  Bangalore, Karnataka', 'impact, effectiveness and progress of our readiness activities with focus on driving efficiencies in']","['NMKRV College, Bangalore University']"
95,"['JAIN COLLEGE', '❖ Winner of inter school handwriting competition.', 'INDIAN ACADEMY PU COLLEGE', 'ARMY PUBLIC SCHOOL', '❖ Runner up in inter college solo singing Competition.', 'and where I can give full play to my creativity to excel within and to grow with institute.', 'opportunities for advancement. Seeking a position where I can serve with my utmost capabilities']",['JAIN COLLEGE']
96,['Trinity engineering college'],['Trinity engineering college\n']
97,"['Product School -  New York, NY', '• Initiated transformation of web to mobile apps within project and assisted senior stakeholders', 'Anna University', 'of the company in analyzing the opportunity.']","['Anna University', 'Product School']"
98,"['Acharya Nagarjuna University -  Hyderabad, Telangana', 'salaries is limited']",[]
99,"['* Reporting to IT head of the organization on the progress of the planned activities', '* Order to cash cycle activity management for data creation in ECC', '* Working on monthly rotational activities like IDOCs failure, EDI error notification, short dumps.', 'Shanti Nagar High School, Maharashtra board -  Mumbai, Maharashtra', '* Design test scripts for unit testing (UT), Integration system testing (IST) and User Acceptance', '* Design test scripts for functional unit testing (FUT), Integration system testing (IST) and User', 'IIT Roorkee -  Roorkee, Uttarakhand', 'Shri Vaishnav Institute of Technology and Science, RGPV University -  Indore, Madhya Pradesh', '* Defining scope of activities for the shared sale plants migration to new legal entity', '* Worked on DUET (SharePoint and SAP initiative)', 'St. Paul H.S. School -  Indore, Madhya Pradesh', 'activities']","['Shri Vaishnav Institute of Technology and Science, RGPV University ', 'IIT Roorkee ']"
100,"['• Initiating bridge calls for P1 &amp; P2 Issues', '• Global news monitoring', '• Monitoring the Incidents handled by the team in real time', '• Initiate problem tickets based on the recurring incidents identified', '• Handling and initiating Major Incident conference calls and assisting the respective teams', 'Employee Recognition Requests, Disciplinary Actions, Annual', '• Global news monitoring (Monitor Global activities on a continual']",[]
101,"['Delhi Public School -  Kanpur, Uttar Pradesh', 'Christ University Faculty of Engineering -  Bengaluru, Karnataka']",['Christ University Faculty of Engineering ']
102,"['br day public school -  Begusarai, Bihar']",['br day public school']
103,"['• Unit testing and bug fixing of the code.', '• Have had the opportunity to handle and work in multiple projects at a time.', ""provider through a long time commitment, contributing to the company's growth and in turn"", 'East Point College of Engg. & Tech. -  Bengaluru, Karnataka']",['East Point College of Engg. & Tech.']
104,"['Partho Sarathi Mitra', 'Surendranath college Barrackpore', 'https://www.indeed.com/r/Partho-Sarathi-Mitra/683dfd08d0246836?isid=rex-download&ikw=download-top&co=IN', 'Mitra/683dfd08d0246836']",['Surendranath college Barrackpore']
105,['SR ENGINEERING COLLEGE (SREC)'],['SR ENGINEERING COLLEGE (SREC)']
106,[],['Gtti -']
107,"['Air Foce School Jammu -  Jammu, Jammu and Kashmir', 'Jaipur Engineering College and Research Center -  Jaipur, Rajasthan', '(WAC) in inter Air Force School football championship', 'To seek an organisation where my skills find ample opportunities for up-gradation of my', 'Air Force School Jammu -  Jammu, Jammu and Kashmir']",['Jaipur Engineering College and Research Center']
108,"['chandigarh university -  Chandigarh, Chandigarh', ""my regular college and i want to earn money that's it a part time online job so that i can do it""]",['chandigarh university ']
109,['➢ Demonstrating responsibility and initiative with an emphasis on Teamwork &amp; Co-'],[]
110,[],['Narsee Monji ']
111,"['• Developed organizational units in Active Directory (AD) and managed user security with group', 'XP/ Vista/7, MS Office, and LAN/WAN connectivity issues.', 'proper engagements to mitigate the issue at the earliest and understanding the Microsoft internal', 'activities.', '• Monitoring the ticketing system and reviewing the communications which will be sent to higher', 'Osmania University -  Hyderabad, Telangana', 'Scheduling &amp; free/busy, Exchange ActiveSync, Outlook Web Access, Outlook Connectivity,', 'reserving the groups which allows to complete the activity as scheduled without any downtime.', '• Provided ultimate ownership and responsibility for end to end Management activities for all', '• Diagnose, troubleshoot and resolve a range of software, hardware and connectivity issues.', '• Worked directly with Incident Lifecycle Coordinators to provide initial incident response.']","['Osmania University ', 'Osmania University ']"
112,"['Microsoft Virtual Academy', 'college.', '1. Selected by College (TISL) to train the first-year engineering students under the Finishing', 'School', '➢ Managerial Skills: Organizer and volunteer at many inter and intra college events, symposia', '3. Honored at State Level Singing competition; Performed in college.']",['Microsoft Virtual Academy\n']
113,"['Bhagabati Nodal High School,Sarakana']",['Bhagabati Nodal High School']
114,"['3-101 KC Narayana Street,new madavaram(v),Vontimitta(M),Kadapa(D)']",['ards collage kadapa']
115,[],"['Magadh univercity ', 'Magadh univercity ']"
116,"['Saurashtra University -  Morbi, Gujarat', '• Cosmos (Microsoft big-data platform), c#, X-flow job monitoring, Power BI.', 'offers, orders stats and weekly trends of user activities, orders and new user registrations. the', 'million users daily activities and redemption across different markets like US, Canada, Australia.']",['Saurashtra University']
117,"['Technical and Co-Curricular activities', 'Vivekananda Engineering College for Women -  Chennai, Tamil Nadu', '➢ Completed training of OCA (9i, 10g) from Oracle University.', 'Frankfinn Institute of Airhostess Training -  Calicut, Kerala']","['Frankfinn Institute of Airhostess Training -', 'Vivekananda Engineering College for Women ']"
118,[],['sunder deep group of institution ']
119,"['STEPPING STONES SCHOOL', 'GRAPHIC ERA UNIVERSITY -  Dehra Dun, Uttarakhand', 'SECONDRY SCHOOL, STEPPING STONES SCHOOL']",['\nGRAPHIC ERA UNIVERSITY']
120,['IIT Delhi'],['IIT Delhi\n']
121,"['Directed all facets of the manufacturing, purchasing and sales initiatives for the company.', 'Telangana to carry out complete production activities and exports business between the SAARC', 'satisfaction having earned many recognitions with in Dell &amp; outside Dell Clients.', 'College (Osmania University) -  Hyderabad, Andhra Pradesh', ""St. Patrick's High School"", '♦ I have much more recognitions, feedback &amp; success stories to share.', '♦ Achieved a significant result in unit sales percentage per annum during the year 2015-2016']",['Osmania University']
122,[],['DAVV']
123,"['Sinhgad Institute', 'Pune University -  Lonavale, Maharashtra', 'Actively looking for opportunity in .NET Development']",['Sinhgad Institute\n']
124,"['Periyar University', 'Joydev Road Girls High School -  Barddhaman, West Bengal']",['Periyar University\n']
125,"['SRM University -  Chennai, Tamil Nadu', 'Central Academy School']",['SRM University']
126,[],"['affiliated -  Kota, Rajasthan']"
127,"['BOARD UNIVERSITY', 'Periyar University -  Salem, Tamil Nadu']",['Periyar University ']
128,[],['Vijaya main']
129,"['Magadh university -  Patna, Bihar']",['Magadh university']
130,"['windows phone store and held presentations in engineering colleges informing', 'Delta Academy for IIT-JEE', 'Gandhi Institute of Science And Technology (GITAM) University', 'St Georges Grammar School', 'partners, resolved flaws which effected work productivity. (Because of my computer']",['Gandhi Institute of Science And Technology (GITAM) University\n']
131,"['• Experienced in writing unit tests using NUnit and VS tests using Moq and Microsoft Fakes for', 'MANIT', 'Unit Test MOQ, VS Test, Microsoft Fakes, N-Unit', '• Worked as Senior Software Engineer in Philips India Limited, Bangalore from October 2011 to']",[]
132,"['Kerala University', '• Driving campus recruitment at elite business, law and engineering colleges with an intent to', '• Designing reward and recognition plan for sales and marketing employees as an attempt to']",['Kerala University']
133,"['Rewords and Recognition:', 'I look forward to a career that provides me an opportunity to improve my knowledge and', '• Given with Ramp Award in Infosys for more Productivity and Performance and Meeting Targets', 'V V Pura College of Science -  Bengaluru, Karnataka', '➢ Conducting and co-ordinate the recruitment activity (In-house)', '➢ Supporting Pan India on CLCS (Candidate Life Cycle System) demo to PO, initial hand holding', 'more importantly all the placement related activities are documented.', 'them where applicable in following and monitoring Bank processes and procedures.']",['V V Pura College of Science']
134,"['Gujarat University', 'KSV University -  Gandhinagar, Gujarat']","['Gujarat University\n', 'KSV University', 'True Vision Technology', 'True Vision Technology']"
135,"['• Responsible for all the Incidents and Server Monitoring.', '• Measure and monitor progress at milestones and ensure delivery as per schedule.', 'Cable & Wireless Worldwide/ Vodafone Global Shared Services Private Limited -', '• Ensuring that team meets CSAT, Quality, Productivity and SLA assigned.', 'Administrative Management College Bangalore University -  Bengaluru, Karnataka']",['Administrative Management College Bangalore University']
136,"['Deogiri College', 'Maharashtra Institute of Technology', '● Three Days Workshop on Emotional Intelligence organized by Maharashtra Institute of', 'Chate School']",['Maharashtra Institute of Technology']
137,"['Nagarjuna University', 'Commit, Build, Code Deploy, OpsWorks)', 'Andhra University', 'IAM, S3, EFS, and EBS, CI-CD services - Code Commit, Build, Code Deploy, OpsWorks), Ansible', '(Git, GitHub, SVN, Bitbucket, Crucible, Maven, SonarQube, NANT, FxCop, NUNIT, CCNet, )', '• Involved in ASG (Application Support Group) activities at onshore.', 'Periyar University', '• Involved in development, support activities in projects using tools such as Java/ J2EE, MS', 'VB, ASP, Config Tools (Subversion, NANT, FxCop, NUNIT, CCNet), Design Tools']","['Andhra University', 'Nagarjuna University', 'Periyar University']"
138,"['Board (university) -  Aurangabad, Maharashtra']",['Board (university)']
139,"['• Coordinating cross-project activities.', '• Develop and control deadlines, budgets and activities.', 'Tekskills India Pvt Ltd & Infosys Limited -  Pune, Maharashtra -', '• Regular monitoring of the planning and execution of the optimal', 'Project Manager, Sr Consultant/ Infosys Limited']","['Kerala State', 'Kerala State']"
140,"['• Participated in Carrom organized by Hostel Committee in 2016', '• Participated in Arm Wrestling organized by Hostel Committee in 2016', 'in College on National Blood Donation day on 17thNov.2016.', '• Participated in Bollywood quiz organized by Hostel Committee in 2016', '• Participated in Tambola organized by Hostel Committee in 2016', 'Chitkara University', '• Member of Discipline Committee in ALGORYTHM 2015, 2016.', 'Member of Decoration Committee in ALGORYTHM', 'Triple M Public School', '• Participated in Antakshari organized by Hostel Committee in 2016', 'University or Board', 'Member of Discipline Committee in ALGORYTHM']",['Chitkara University\n']
141,"['Worked as Senior Systems Engineer for Infosys Limited from February 2012 to September 2015', '• Handled the basic report development and maintenance activities.', '• ALM Owner: ALM (Tool for tracking and monitoring the defects raised for the UAT report related', '• Lead the team of 8 resources in upgrading Business Intelligence 4.0 to 4.1', '• Experience in upgrading the environment from BI4.0 to BI4.1', 'Technology Consultant - EIT Services India Private Limited', '• Experience in Migration from XIR2, XI3.1 to SAPBI 4.0 by using Upgrade Management Tool (UMT)', 'EIT Services India Private Limited -', '• Cross Cultural Sensitivity', '• Upgraded the non-production environments to higher patch versions.', '• HPSM Lead: HPSM (Tool for tracking and monitoring the defects raised for the PROD report', 'EIT Services India Private Limited -  Bengaluru, Karnataka -', 'Infosys Limited, Business objects Administrator', 'Sri Venkateswara College of Engineering and Technology Affiliated -  Anantapur, Andhra', '• Recommend and implement of automation for known and recurring activities.', '• Monitoring the Jobs and sever space availability and CPU Process.', 'triggering), which eliminated the manual report scheduling activity.', 'This project is upgrading Business Intelligence 4.0 environment to latest available version of']",['Sri Venkateswara College of Engineering and Technology Affiliated -']
142,"['opportunities by live assistance. Handled OJT and Tenured Team.', '• Monitoring Queue, Allocating Agents to different queues, Preparing Reports, Process', 'PES College of Engineering -  Mandya, Karnataka', 'improvements initiatives.']",['PES College of Engineering -']
143,"['International Travel House Limited -', 'RIYA TOURS AND TRAVELS PRIVATE .LIMITED -  Visakhapatnam, Andhra Pradesh -', '• Professionalism with reliable commitment towards work.', 'International Travel House Limited an ITC Associated co.; An ISO 9001', 'K.D.P.M HIGH school -  Visakhapatnam, Andhra Pradesh', '• Preparing and submitting bills to the corporate clients on Fortnight basis', 'NRI Junior College -  Coimbatore, Tamil Nadu', 'International Travel House Limited']",[]
144,"['required service level components, quality and productivity targets of the client.', 'S.N.G College, Bharathiar University', '4. Monitoring the portal periodically, prioritizing jobs according to TAT, and assigning jobs to', 'Inc., Tennessee, USA) from Dec 2004 - Jan 2006. Client: Vanderbilt University Medical Center,', 'attendance. Submits daily report to the management level superiors.', '4. Check and avail special discounts, services, licensing, upgrades etc., to the customers.', '6. Monitoring and updating stock details etc. in Mednet store software. Use ABC, VED &amp; FSN', '""Process Executive"" in Infosys BPO Limited, Bangalore', '3. Operational Management: Managing the floor, adherence to schedule and monitoring of', 'housekeeping supervision, responding and sending e-mails to head office and clients, monitoring', 'Orange City Hospital & Research Institute -  Nagpur, Maharashtra -', '2. Delivery of team statistics, quality and productivity targets &amp; indicators, taking note any', '❖ Carriage of Dangerous Goods by Road Certification in 2012 from IRU Academy in tie up with', 'various HR related welfare activities.', '""Store Executive"" - Orange City Hospital & Research Institute', '8. Organize the training that includes: distribution of training materials, monitor trainees in']","['S.N.G College, Bharathiar University\n', 'Orange City Hospital & Research Institute', 'Orange City Hospital & Research Institute']"
145,"['• Involved in PM activities like dealing with customer, identifying new business, get new business,', 'reports, Highlight reports, coordinating and performing deployments, QMG audits, PMR activities', '• As a ASG Project lead involved in ASG activities like resource management, work allocation,', '• Documentation and execution of DR activities', '• Documented and Managed DR activities successfully', '• Perform project planning, scheduling, monitoring, and reporting activities.', '• Strong Analytical &amp; problem solving ability and proactively drive opportunities to resolution', '• Involve in SIX Sigma and Lean initiative to remove the unwanted NVA (non-value add) improve', '• Prepared performance improvement plan on activities related to application performance.', 'Along-side the responsibilities mentioned above I was involved in various initiatives by client for', 'Amravati University -  Amravati, Maharashtra']","['Technical Board of Education Bombay ', 'Amravati University -  Amravati, Maharashtra\n']"
146,"['affiliated college of Andhra University', 'Nagarjuna university']","['Nagarjuna university\n', 'affiliated college of Andhra University']"
147,"['Customer Related Activities:-', 'Dev Samaj College for Women -  Chandigarh, Chandigarh', 'To prove my worth as an employee by working under challenging opportunities and to grow', '• Managing Reward &amp; Recognition Programme for employees.', '• Maintaining Track of After Sale Activities']",[]
148,"['Training in Infosys Limited -  Mysore, Karnataka -', 'Limited, Chennai till 24th June, 2014.', 'F.M. Junior College -  Balasore, Orissa', 'Senior System Engineer in Infosys Limited, Chennai']",['BPUT ']
149,"['• Having 3.3 years of Experience on Software Development at Infosys limited.', 'Secondary School Certificate', 'C V Raman University Bilaspur -  Raman, Punjab', '• Master of Computer Application (MCA) from Bhilai Institute of Technology, Durg, 2014.', 'Sr. Systems Engineer at Infosys Limited', 'Achievements and Co-curricular Activities:', 'Bhilai Institute of Technology -  Bhilai, Chhattisgarh', 'Secondary School Certificate in Design Pattern']","['Chhattisgarh Board of Secondary Education', 'C V Raman University Bilaspur', 'Bhilai Institute of Technology', 'Chhattisgarh Board of Secondary Education', 'Bhilai Institute of Technology']"
150,['Panimalar Engineering College'],['Panimalar Engineering College']
151,"['Bharathiyar University -  Coimbatore, Tamil Nadu', 'CDB and extracts all customer information. And it creates opportunities for the customers.']",['Bharathiyar University ']
152,['UnitedArabEmirates'],[]
153,"['• Operating &amp; maintenance DOAS unit, Actuators, HRW, Fresh Air Exhaust', 'Shree Binzani nagar College -  Nagpur, Maharashtra', 'Indira Gandhi High School -  Nagpur, Maharashtra', 'myself in different fields and realize my potential where I get the opportunity for continuous', 'Institute / Board']","['Nagpur Polytechnic -  Nagpur, Maharashtra\n']"
154,"['• Responsible for effectively initiating, planning, scheduling, estimating, forecasting, and', '(Boulder), Arizona State University (Tempe) and University of Illinois Chicago (Chicago).', '(Ithaca), University of Southern California (Los Angeles), University of Colorado Boulder', 'Georgia Institute of Technology -  Atlanta, GA', '(Seattle) and University of California San Diego (California)', '• Graduated with Masters degree in Computer Engineering from Georgia Institute of Technology', 'delivering all activities for projects and related release initiatives.', 'Amrita School of Engineering -  Bengaluru, Karnataka', 'Senior Systems Engineer - Infosys Technologies Limited', 'the world: Georgia Tech (Atlanta), Carnegie Mellon University (Pittsburgh), Cornell University', '• Received Certifications from Stanford University (California), University of Washington']","['Amrita School of Engineering -', 'Georgia Institute of Technology', 'Georgia Institute of Technology']"
155,"['➢ To ensure 100% closure to all the customer queries, SLA adherence for self-productivity and', 'S.V University -  Tirupati, Andhra Pradesh', 'Senior process executive at Infosys bpm limited', 'attention to France, Spain, United Kingdom, Italy, Sweden, Slovakia, Israel, Germany.', 'Margadarshi Junior College']",['S.V University']
156,"['➢ Complete and record day to day activity given by department.', '➢ Manage and monitor LAN/WAN network services.', '➢ Recommend and acquire equipment replacements and upgrades;', '➢ Maintain an inventory of all devices. (i.e. Computers, Laptops, Monitors, phones etc..)']",[]
157,"['• Monitoring the problems faced for the registration.', 'Jiwaji University -  Shivpuri, Madhya Pradesh']",['Jiwaji University']
158,"['Vijnana Vihara School', 'Visvesvaraya Technological University', 'New Horizon College, (Bangalore University) -  Bangalore, Karnataka']","['New Horizon College, (Bangalore University)', 'Visvesvaraya Technological University']"
159,"['Galgotias University', '• Working as Senior System Engineer at Infosys Limited from January 2016 to till date.', 'Senior System Engineer at Infosys Limited', 'Senior System Engineer at Infosys Limited - Infosys']",['Galgotias University\n']
160,[],[]
161,"['Green Valley Public School -  Bhilwara, Rajasthan', '• Planning QA Activities and performing Regression Testing and UI Testing', 'New Look Central School -  Bhilwara, Rajasthan', '• Worked with Product Owners &amp; Business Analysts to incorporate the quality from initial', 'Jaypee Institute Of Information Technology -  Noida, Uttar Pradesh', '• Active participation in recruitment activities']",['Jaypee Institute Of Information Technology ']
162,"['To seek a position in your organization where I can apply my knowledge &amp; creativity, acquire', '• Testing, installing and monitoring new systems.', 'Sri Kanna Matriculation Higher Secondary School', 'Anna University -  Chennai, Tamil Nadu', 'MS University -  Tirunelveli, Tamil Nadu']","['MS University ', 'Anna University ']"
163,"['University u', '• Placed in Infosys at our college campus and attended 4 months Internship program between', 'Engineering College -  Coimbatore, Tamil Nadu', 'synchronizing of remote databases as and when connectivity', 'Integrated Learning Program of Birla Institute of Technology and Science, Pilani in 2017', 'in this project included design, development, unit and system testing.', 'Anna University', 'Matriculation School -  Coimbatore, Tamil Nadu', 'Birla Institute -  Pilani, Rajasthan']","['Anna University', 'Birla Institute ', 'Birla Institute ']"
164,"['Board/ University', 'Kongu Vellalar Mat. Hr. Sec School', 'Did Compering in College Events', 'Tejaa Shakthi Institute of Technology for Womens']",['Tejaa Shakthi Institute of Technology for Womens']
165,"['Lucknow Public Inter College -  Lucknow, Uttar Pradesh', 'Saroj Institute of Technology & Management -  Lucknow, Uttar Pradesh', 'Manipal University -  Bengaluru, Karnataka']","['Lucknow Public Inter College', '2011', 'Saroj Institute of Technology & Management ', 'Manipal University']"
166,"['Poorna Prajna PU College Admar', 'by I-Point Consulting Services Private Limited during the Academic Years 2009-10 &amp;', 'Ganapathi High School Padubidri', 'NMAM Institute of Technology']",['NMAM Institute of Technology\n']
167,"['the team on reengineered process in order to meet the client and internal commitments on a', 'Prepare the DTP: While RKT session with the client I understand all the activity and prepare many', 'Planning and Organizing: Handling and Planning team activities, priorities and handle', 'activity.', 'Prepare the remittance for the special customers', 'University of Rajasthan', 'Innovative: Give many automation ideas which reduce the AHT of the activity and give benefit', ""Apply payment on the customer's account as per the remittance""]",['University of Rajasthan']
168,"['Kurukshetra University -  Kurukshetra, Haryana', 'Project Next Generation Volume Licensing (NGVL) is a strategic change initiative led by', '45% being spent on data creation and provide more productivity.', 'Tagore Public School -  Pehowa, Haryana', '• Created weekly Test Unit creation and execution report', 'Eclipse Visual Studio BitBucket NUnit MindMaps', '• Creating weekly Test Unit creation and execution report', 'centralized compliance monitoring and management. The highly scalable compliance engine']",['Kurukshetra University']
169,"['SBOA Mat. Hr. Sec School -  Coimbatore, Tamil Nadu', 'PSG College of Technology -  Coimbatore, Tamil Nadu', 'activities.']",[]
170,"['INFOSYS LIMITED COMPANY -  Bangalore, Karnataka -', 'System Engineer, Infosys Limited, India from 5/2015 to Present', 'System Engineer, Infosys Limited, India', 'System Engineer, Infosys Limited, India - INFOSYS LIMITED COMPANY', 'PSG COLLEGE OF TECHNOLOGY, ANNA UNIVERSITY -  Coimbatore, Tamil Nadu', '● Provide PI/PO technical support for patch and release upgrades. Document and maintain a', 'solution portfolio and identify opportunities for solution re-use. Identifies opportunities to re-', '● Monitored the SAP PI 7.4 dual stack system on a daily basis to resolve system or data issue']","['PSG COLLEGE OF TECHNOLOGY, ANNA UNIVERSITY ']"
171,[],[]
172,['Admin assistant at Infosys limited'],[]
173,"['5. Technical Guidance and Backlog Reduction Activities', '1. Initial Sessions for the team members on overall architecture', '4. Initial investigation on High Availability Design', 'Responsibilities/Activities', 'Company worked for: INFOSYS LIMITED', 'based on Network Processing Units (NPU)', 'sessions and trainings in turn increase the productivity of the team', 'REWARDS AND RECOGNITIONS', 'productivity and quality tracking.', 'Involved in development, verification and customer and release activities. I was a module lead', 'Company worked for: ALBERTSONS INTERNATIONAL PRIVATE LIMITED', 'vxworks platforms Involved in several release activities.', 'I was involved in the development of feature development, defect analysis, testing activities in', 'Ipv6 connectivity failure every 2-3 hours', 'review activities and project discussions Coordinating the development cycle Training team', '3. Initial investigation using Intel DPDK compilation, launch VMs etc.']","['Board of Technical Education\n', 'BITS Pilani']"
174,"['• Once the control setup has been initiated the process then goes into automation and the credit', '◦ Once the requirements have been gathered a project plan is formed and the initiation is given', '• Disbursement of loan Post sanctions activities such as receiving stock statements.', 'West Bengal State University', '◦ Once the initiation have been approved a root cause analysis is performed to understand the']",['West Bengal State University\n']
175,"['Bengaluru, Karnataka - Email me on Indeed: indeed.com/r/Pavithra-M/26f392ec8251143b', '1. ""JAVA 8 applications for Login Credentials with DB connectivity""', 'Pavithra M', 'https://www.indeed.com/r/Pavithra-M/26f392ec8251143b?isid=rex-download&ikw=download-top&co=IN']",[]
176,"['shivaji University -  Kolhapur, Maharashtra']",['shivaji University']
177,"['SRIKALAHASTEESWARA INSTITUTE OF TECHNOLOGY', '➢ Perform software installation, upgrades/patches, troubleshooting, and maintenance on Linux', 'performance monitoring,']",['SRIKALAHASTEESWARA INSTITUTE OF TECHNOLOGY']
178,['School'],['School']
179,"['College', 'School']",['Ramkrishna krida High']
180,"['Learned and executed which was not there (Nehru Memorial college) video capturing', 'System Administrator (Server) Microsoft - Nehru Memorial College', 'Adi Sankara Polytechnic College -  Tiruchchirappalli, Tamil Nadu', 'Commitment and loyalty.', 'A Challenging career, which provides an opportunity for developing innovative', 'ST.Joseph college -  Tiruchchirappalli, Tamil Nadu', 'Nehru Memorial College Puthanampatti -']","['Adi Sankara Polytechnic College ', 'ST.Joseph college ']"
181,"['Indraprastha Public School', 'Uttrakhand Technical University', '❖ Captain of School Cricket Team.', 'CO-/EXTRA -CURRICULAR ACTIVITIE']","['\nIndraprastha Public School', 'Uttrakhand Technical University\n', '\nIndraprastha Public School']"
182,"['https://www.indeed.com/r/Nitin-Verma/b9e8520147f728d2?isid=rex-download&ikw=download-top&co=IN', 'Pune, Maharashtra - Email me on Indeed: indeed.com/r/Nitin-Verma/b9e8520147f728d2', 'Nitin Verma', 'Pune University -  Pune, Maharashtra']",[]
183,"['Organization: Infosys Limited, India', 'Organization: Infosys Limited, India Description:', 'Acharya Nagarjuna University', '❖ Involved in Creation of unit test cases.', 'Activities involves the below ITIL process', 'Secondary School of Education', 'Acharya Nagarjuna University -  Pune, Maharashtra', '❖ Checking any connectivity issues. If so, escalating the case to respective teams.', '❖ Monitoring Database Growth.', 'Worked As chemist for Quality control Heterolabs Private Limited, Hyderabad from April2004 to', '❖ Training new resource, monitor and review their work on daily basis.', 'Licensing (VL) transactions and support. Individuals in the ROCs perform a variety of activities', ""Description: Microsoft's VL programs allow customers to purchase and upgrade software licenses"", '❖ Monitoring and administration of user access to web application.', 'Infosys Limited -  Hyderabad, Telangana -']","['Acharya Nagarjuna University', 'Acharya Nagarjuna University']"
184,"['Vamshi High school -  Bodhan, Andhra Pradesh', 'Sreenidhi Institute of science and technology -  Hyderabad, Telangana', 'Indian Terrain Fashions Limited -', 'Narayana Junior College -  Hyderabad, Telangana']","['Sreenidhi Institute of science and technology', 'Indian Terrain Fashions Limited -\n']"
185,"['drives, restoration of missing files/directories and other Backup related activities.', '• Highly self-motivated and goal-oriented professional committed to pursuing a long-term career.', 'management, to activity sequencing, risk analysis to quality management in adherence to quality', '• Monitoring daily Backup status, handling tape changes, troubleshooting of tape libraries and', 'company. Tata AIA Life Insurance Company Limited was licensed to operate in India on February', 'Program Description: Tata AIA Life Insurance Company Limited (Tata AIA Life) is a joint venture', ""• Performed EOD Activities on SQL & Window's based Platforms."", ""company, formed by Tata Sons and AIA Group Limited (AIA) . Tata AIA Life combines Tata's pre-"", 'Bishop Ambrose College, Bharathiar University -  Coimbatore, Tamil Nadu', '• Have Knowledge in installing DPM and Central Console, upgrading, repairing, and uninstalling.']","['Bishop Ambrose College, Bharathiar University']"
186,"[""RCPET's I.M.R.D College -  Jalgaon, Maharashtra"", 'Ram Chandra keshav citale High School -  Jalgaon, Maharashtra', '⇨ Maintain daily purchase & sales activity of Mall. Maintain daily stock of mall.', 'Palesh Commerce College -  Dhule, Maharashtra', 'Jai Hind College -  Dhule, Maharashtra', '⇨ Generate Yearly reports on sales, purchase, stock, employee salary activity.']","['Palesh Commerce College', ""RCPET's I.M.R.D College""]"
187,"['To work in a challenging atmosphere that provides me an opportunity for learning and growth,']",[]
188,[],[]
189,"['Greenfields Public School -  New Delhi, Delhi', '● Networks and servers monitoring', '● •Worked as L1 analyst in IT Command Center team for monitoring networks and server issues.', '● •Worked on troubleshooting servers issues like RPD, connectivity, disc space, servicesSPN', 'Indraprastha Engineering College, Uttar Pradesh Technical University -  Ghaziabad, Uttar', '● •Handson experience in monitoring tool service now (SNOW)']","['Indraprastha Engineering College, Uttar Pradesh Technical University']"
190,[],[]
191,"['4. Educator Community Contributor', 'https://www.indeed.com/r/Moumita-Mitra/d63c4dc9837860db?isid=rex-download&ikw=download-top&co=IN', 'Barrackpore Rastraguru Surendranath College -  Barakpur, West Bengal', '- Email me on Indeed: indeed.com/r/Moumita-Mitra/d63c4dc9837860db', 'Board/ University', 'Moumita Mitra', 'Activities: -', 'Ballygunge Science College -  Kolkata, West Bengal', 'Army Public School -  Barakpur, West Bengal', ""St. Paul's Academy -  Patna, Bihar"", '1. Junior diploma in vocal from Prayag sangit samiti, Allahabad', '3. Certificate in kathak dance from Prayag sangit samiti, Allahabad']","[""St. Paul's Academy"", 'Army Public School ', 'Barrackpore Rastraguru Surendranath College ', 'Ballygunge Science College ']"
192,"['Self-initiative', 'Sikkim Manipal University', '• Creation of HANA tables, calculation views, used unit and currency conversion. ', 'Award and Recognition', '• Project to expose on-premise HANA box data to outside world via HCP connectivity for mobile', 'Global System Technologies Private Limited -', 'University of Calcutta -  Kolkata, West Bengal']","['University of Calcutta', 'Sikkim Manipal University']"
193,"['Government Engineering College Bhuj -  Bhuj, Gujarat', 'Mithapur (during 6th Sem)', '15 days training at Tata Chemicals Limited -  Mithapur, Gujarat']",['Government Engineering College Bhuj']
194,"['National Dairy Research Institute Karnal: Posted as A Network and System Maintenance', 'PROJECTS IN THE MICRONUTRIENT INITIATIVE: -', 'OXFORD SOFTWARE INSTITUTE', 'THE MICRONUTRIENT INITIATIVE: - Working as an IT-Consultant for the Micronutrient Initiative', 'Coordinator for TotipotentSC to Upgrading the Complete IT setup on PAN India.', 'INTERNATIONAL AIDS VACCINE INITIATIVE: - Working as a System-Cum-Server Administrator', '2. Upgrade Alcatel-Lucent OmniPCX Office system M cabinet to L cabinet with 24 extra', 'MG University']",[]
195,[],[]
196,"['• Attention to detail and deadlines, confident and able to work on own initiative and with limited', 'Bharathiar University Coimbatore -  Coimbatore, Tamil Nadu', '• Closely worked with Finance and Procurement team for PO creations and dependent activities', '• Project financials, budget submissions for project codes to ensure revenue recognition and', 'Ramakrishna College -  Coimbatore, Tamil Nadu', '• Tracking and scheduling the project in terms of resources helping them to submit timesheet', 'Stanes Anglo Indian High School -  Coimbatore, Tamil Nadu', '• Setting up reports (Summary reports, dashboards) based on Service Now Tickets, monitoring', '• Responsible to Communicate with internal customers and client on boarding related activities', '• Supporting and co-ordinating the Project Management activities of IT projects involved in', '• Managed the invoicing activity as an anchor to send the invoices communicate with client on']","['Ramakrishna College', 'Bharathiar University']"
197,"['Jawaharlal Nehru Technological University -  Hyderabad, Telangana', '• Monitoring the events on SIEM tool.', 'Security incident and event management (SIEM) is the process of identifying, monitoring and', '• Working in Offshore SOC team, Monitoring of SOC events, detecting and preventing the', '• Hands-on experience monitoring the SIEM tool.']",['Jawaharlal Nehru Technological University ']
